tokenized_tweet,lemmatized_tweets
"['6', 'collective', 'housing', 'interventions', 'that', 'rethink', 'urban', 'block', 'design', 'archdaily', 'interiordesign', 'architect', 'commercial', 'fitout', 'contractor', 'build', 'design']","[ ' 6 ' , 'collective ' , 'housing ' , 'interventions ' , 'that ' , 'rethink ' , 'urban ' , 'block ' , 'design ' , 'archdaily ' , 'interiordesign ' , 'architect ' , 'commercial ' , 'fitout ' , 'contractor ' , 'build ' , 'design ' ]"
"['minister', 'for', 'housing', 'must', 'explain', 'department', 'underspending', 'eoin', 'broin', 'via', 'newstalkfm']","[ 'minister ' , 'for ' , 'housing ' , 'must ' , 'explain ' , 'department ' , 'underspending ' , 'eoin ' , 'broin ' , 'via ' , 'newstalkfm ' ]"
"['irelands', 'housing', 'crisis', 'generation', 'catastrophe', 'is', 'viewed', 'as', 'the', 'greatest', 'play', 'for', 'rental', 'investors', 'globally', 'we', 'need', 'affordable', 'homes', 'not', 'investors', 'assets', '85', 'million', 'of', 'rent', 'paid', 'to', 'irelands', 'largest', 'landlord', 'went', 'to', 'shareholders', 'many', 'foreign', 'wealth', 'funds', 'housingcrisis']","[ 'irelands ' , 'housing ' , 'crisis ' , 'generation ' , 'catastrophe ' , 'is ' , 'viewed ' , 'as ' , 'the ' , 'greatest ' , 'play ' , 'for ' , 'rental ' , 'investors ' , 'globally ' , 'we ' , 'need ' , 'affordable ' , 'homes ' , 'not ' , 'investors ' , 'assets ' , '85 ' , 'million ' , 'of ' , 'rent ' , 'paid ' , 'to ' , 'irelands ' , 'largest ' , 'landlord ' , 'went ' , 'to ' , 'shareholders ' , 'many ' , 'foreign ' , 'wealth ' , 'funds ' , 'housingcrisis ' ]"
"['quite', 'a', 'gulf', 'between', 'this', 'anon', 'fine', 'gael', 'tds', 'saying', 'the', 'gov', 'housing', 'strategy', 'should', 'be', 'blame', 'ff', 'and', 'more', 'upset', 'at', 'the', 'fact', 'they', 'didnt', 'get', 'dinner', 'tables', 'near', 'biden', 'and', 'polcorrs', 'tuttutting', 'that', 'actually', 'the', 'ungrateful', 'irish', 'electorate', 'are', 'very', 'lucky', 'to', 'have', 'these', 'people']","[ 'quite ' , ' a ' , 'gulf ' , 'between ' , 'this ' , 'anon ' , 'fine ' , 'gael ' , 'tds ' , 'saying ' , 'the ' , 'gov ' , 'housing ' , 'strategy ' , 'should ' , 'be ' , 'blame ' , 'ff ' , 'and ' , 'more ' , 'upset ' , 'at ' , 'the ' , 'fact ' , 'they ' , 'didnt ' , 'get ' , 'dinner ' , 'tables ' , 'near ' , 'biden ' , 'and ' , 'polcorrs ' , 'tuttutting ' , 'that ' , 'actually ' , 'the ' , 'ungrateful ' , 'irish ' , 'electorate ' , 'are ' , 'very ' , 'lucky ' , 'to ' , 'have ' , 'these ' , 'people ' ]"
"['really', 'enjoyed', 'this', 'and', 'feels', 'true', 'ireland', 'now', 'need', 'its', 'future', 'govs', 'of', 'whatever', 'ilk', 'to', 'relentlessly', 'focus', 'on', 'building', 'infra', 'to', 'match', 'its', 'job', 'and', 'booming', 'economy', 'rail', 'housing', 'etc']","[ 'really ' , 'enjoyed ' , 'this ' , 'and ' , 'feels ' , 'true ' , 'ireland ' , 'now ' , 'need ' , 'its ' , 'future ' , 'govs ' , 'of ' , 'whatever ' , 'ilk ' , 'to ' , 'relentlessly ' , 'focus ' , 'on ' , 'building ' , 'infra ' , 'to ' , 'match ' , 'its ' , 'job ' , 'and ' , 'booming ' , 'economy ' , 'rail ' , 'housing ' , 'etc ' ]"
"['kiosk', 'clontarf', 'promenade', 'dublin', 'corporation', 'housing', 'city', 'architects', '1958', 'dublin', 'clontarf', 'photography', 'architecturalphotography', 'thephotohour']","[ 'kiosk ' , 'clontarf ' , 'promenade ' , 'dublin ' , 'corporation ' , 'housing ' , 'city ' , 'architects ' , '1958 ' , 'dublin ' , 'clontarf ' , 'photography ' , 'architecturalphotography ' , 'thephotohour ' ]"
"['im', 'starting', 'to', 'think', 'the', 'three', 'toughest', 'jobs', 'out', 'there', 'at', 'the', 'moment', 'are', '1', 'housing', 'minister', 'darraghobrientd', '2', 'health', 'minister', 'donnellystephen', '3', 'chelseafc', 'managers', 'job', 'currently', 'held', 'in', 'a', 'caretaker', 'capacity', 'by', 'frank', 'lampard', 'chelseafc', 'housingcrisis', 'health']","[ 'im ' , 'starting ' , 'to ' , 'think ' , 'the ' , 'three ' , 'toughest ' , 'jobs ' , 'out ' , 'there ' , 'at ' , 'the ' , 'moment ' , 'are ' , ' 1 ' , 'housing ' , 'minister ' , 'darraghobrientd ' , ' 2 ' , 'health ' , 'minister ' , 'donnellystephen ' , ' 3 ' , 'chelseafc ' , 'managers ' , 'job ' , 'currently ' , 'held ' , 'in ' , ' a ' , 'caretaker ' , 'capacity ' , 'by ' , 'frank ' , 'lampard ' , 'chelseafc ' , 'housingcrisis ' , 'health ' ]"
"['100k', 'vacant', 'homes', 'in', 'ireland', 'in', 'the', 'middle', 'of', 'a', 'housing', 'crisis', 'govts', '0', '3', 'vacant', 'home', 'tax', 'will', 'do', 'nothing', 'to', 'unlock', 'the', 'potential', 'of', 'vacant', 'homes', 'we', 'need', 'a', 'serious', 'vacant', 'homes', 'tax', 'with', 'teeth', 'socdems', 'are', 'calling', 'for', 'a', '10', 'vht']","[ '100k ' , 'vacant ' , 'homes ' , 'in ' , 'ireland ' , 'in ' , 'the ' , 'middle ' , 'of ' , ' a ' , 'housing ' , 'crisis ' , 'govts ' , ' 0 ' , ' 3 ' , 'vacant ' , 'home ' , 'tax ' , 'will ' , 'do ' , 'nothing ' , 'to ' , 'unlock ' , 'the ' , 'potential ' , 'of ' , 'vacant ' , 'homes ' , 'we ' , 'need ' , ' a ' , 'serious ' , 'vacant ' , 'homes ' , 'tax ' , 'with ' , 'teeth ' , 'socdems ' , 'are ' , 'calling ' , 'for ' , ' a ' , '10 ' , 'vht ' ]"
"['fine', 'gael', 'is', 'a', 'very', 'chilling', 'party', 'its', 'tds', 'are', 'furious', 'with', 'leotheleak', 'taking', 'over', 'the', 'housing', 'remit', 'because', 'itll', 'make', 'fg', 'look', 'bad', 'theyre', 'not', 'furious', 'that', 'under', 'his', 'watch', 'theres', 'record', 'homelessness', 'no', 'hope', 'of', 'buying', 'houses', 'for', '1', '000s', 'emigration']","[ 'fine ' , 'gael ' , 'is ' , ' a ' , 'very ' , 'chilling ' , 'party ' , 'its ' , 'tds ' , 'are ' , 'furious ' , 'with ' , 'leotheleak ' , 'taking ' , 'over ' , 'the ' , 'housing ' , 'remit ' , 'because ' , 'itll ' , 'make ' , 'fg ' , 'look ' , 'bad ' , 'theyre ' , 'not ' , 'furious ' , 'that ' , 'under ' , 'his ' , 'watch ' , 'theres ' , 'record ' , 'homelessness ' , 'no ' , 'hope ' , 'of ' , 'buying ' , 'houses ' , 'for ' , ' 1 ' , '000s ' , 'emigration ' ]"
"['tract', 'housing', 'copy', 'paste', 'houses', 'housingcrisis', 'not', 'the', 'solution', 'riaitalk']","[ 'tract ' , 'housing ' , 'copy ' , 'paste ' , 'houses ' , 'housingcrisis ' , 'not ' , 'the ' , 'solution ' , 'riaitalk ' ]"
"['vote', 'for', 'candidates', 'who', 'value', 'a', 'livable', 'vibrant', 'not', 'derelict', 'm', 'city', 'centre', 'council', 'planning', 'has', 'overseen', 'dereliction', 'and', 'ruin', 'of', 'belfasts', 'historic', 'urban', 'fabric', 'to', 'the', 'profit', 'of', 'landbankers', 'tribeca', 'castlebrooketc', 'the', 'city', 'needed', 'affordable', 'housing', 'not', 'student', 'accommodation']","[ 'vote ' , 'for ' , 'candidates ' , 'who ' , 'value ' , ' a ' , 'livable ' , 'vibrant ' , 'not ' , 'derelict ' , 'm ' , 'city ' , 'centre ' , 'council ' , 'planning ' , 'has ' , 'overseen ' , 'dereliction ' , 'and ' , 'ruin ' , 'of ' , 'belfasts ' , 'historic ' , 'urban ' , 'fabric ' , 'to ' , 'the ' , 'profit ' , 'of ' , 'landbankers ' , 'tribeca ' , 'castlebrooketc ' , 'the ' , 'city ' , 'needed ' , 'affordable ' , 'housing ' , 'not ' , 'student ' , 'accommodation ' ]"
"['the', 'only', 'way', 'to', 'sort', 'a', 'housing', 'crisis', 'is', 'to', 'build', 'homes', 'i', 'am', 'proud', 'to', 'support', 'house', 'building', 'in', 'sdcc', 'i', 'dont', 'agree', 'with', 'government', 'targets', 'housing', 'is', 'a', 'crisis', 'and', 'needs', 'a', 'crisis', 'response', 'below', 'im', 'checking', 'out', 'progress', 'on', '94', 'homes', 'being', 'built', 'near', 'me', 'sdublincoco']","[ 'the ' , 'only ' , 'way ' , 'to ' , 'sort ' , ' a ' , 'housing ' , 'crisis ' , 'is ' , 'to ' , 'build ' , 'homes ' , ' i ' , 'am ' , 'proud ' , 'to ' , 'support ' , 'house ' , 'building ' , 'in ' , 'sdcc ' , ' i ' , 'dont ' , 'agree ' , 'with ' , 'government ' , 'targets ' , 'housing ' , 'is ' , ' a ' , 'crisis ' , 'and ' , 'needs ' , ' a ' , 'crisis ' , 'response ' , 'below ' , 'im ' , 'checking ' , 'out ' , 'progress ' , 'on ' , '94 ' , 'homes ' , 'being ' , 'built ' , 'near ' , 'me ' , 'sdublincoco ' ]"
"['more', 'than', '10', '000', 'women', 'escaping', 'domestic', 'abuse', 'across', 'england', 'were', 'refused', 'safe', 'housing', 'last', 'year', 'amid', 'warnings', 'that', 'many', 'could', 'be', 'left', 'homeless', 'or', 'driven', 'back', 'to', 'dangerous', 'partners', 'as', 'a', 'result', 'of', 'a', 'woeful', 'lack', 'of', 'safe', 'accommodation']","[ 'more ' , 'than ' , '10 ' , '000 ' , 'women ' , 'escaping ' , 'domestic ' , 'abuse ' , 'across ' , 'england ' , 'were ' , 'refused ' , 'safe ' , 'housing ' , 'last ' , 'year ' , 'amid ' , 'warnings ' , 'that ' , 'many ' , 'could ' , 'be ' , 'left ' , 'homeless ' , 'or ' , 'driven ' , 'back ' , 'to ' , 'dangerous ' , 'partners ' , 'as ' , ' a ' , 'result ' , 'of ' , ' a ' , 'woeful ' , 'lack ' , 'of ' , 'safe ' , 'accommodation ' ]"
"['i', 'tweeted', 'looking', 'for', 'a', 'housemate', 'and', 'divorced', 'das', 'blamed', 'me', 'for', 'the', 'housing', 'crisis', 'i', 'tweeted', 'about', 'an', 'overpriced', 'oat', 'latte', 'and', 'was', 'accused', 'of', 'supporting', 'cartels', 'and', 'slavery']","[ ' i ' , 'tweeted ' , 'looking ' , 'for ' , ' a ' , 'housemate ' , 'and ' , 'divorced ' , 'das ' , 'blamed ' , 'me ' , 'for ' , 'the ' , 'housing ' , 'crisis ' , ' i ' , 'tweeted ' , 'about ' , 'an ' , 'overpriced ' , 'oat ' , 'latte ' , 'and ' , 'was ' , 'accused ' , 'of ' , 'supporting ' , 'cartels ' , 'and ' , 'slavery ' ]"
"['tomorrow', 'well', 'be', 'hearing', 'from', 'the', 'chief', 'negotiators', 'of', 'the', 'gfa', 'we', 'need', 'to', 'recapture', 'the', 'spirit', 'of', '1998', 'in', 'many', 'ways', 'it', 'could', 'be', 'argued', 'that', 'the', 'peace', 'process', 'is', 'stagnant', 'institutions', 'are', 'not', 'functioning', 'education', 'is', '93', 'segregated', 'social', 'housing', '90', 'segregated', 'much', 'more']","[ 'tomorrow ' , 'well ' , 'be ' , 'hearing ' , 'from ' , 'the ' , 'chief ' , 'negotiators ' , 'of ' , 'the ' , 'gfa ' , 'we ' , 'need ' , 'to ' , 'recapture ' , 'the ' , 'spirit ' , 'of ' , '1998 ' , 'in ' , 'many ' , 'ways ' , 'it ' , 'could ' , 'be ' , 'argued ' , 'that ' , 'the ' , 'peace ' , 'process ' , 'is ' , 'stagnant ' , 'institutions ' , 'are ' , 'not ' , 'functioning ' , 'education ' , 'is ' , '93 ' , 'segregated ' , 'social ' , 'housing ' , '90 ' , 'segregated ' , 'much ' , 'more ' ]"
"['michael', 'martin', 'was', 'recently', 'on', 'the', 'talkingbollox', 'podcast', 'he', 'made', 'a', 'number', 'of', 'arguments', 'defending', 'the', 'eviction', 'ban', 'the', 'reason', 'for', 'the', 'housing', 'crisis', 'heres', 'my', 'analysis', 'of', 'what', 'he', 'said', 'housingcrisis', 'reinstateevictionban']","[ 'michael ' , 'martin ' , 'was ' , 'recently ' , 'on ' , 'the ' , 'talkingbollox ' , 'podcast ' , 'he ' , 'made ' , ' a ' , 'number ' , 'of ' , 'arguments ' , 'defending ' , 'the ' , 'eviction ' , 'ban ' , 'the ' , 'reason ' , 'for ' , 'the ' , 'housing ' , 'crisis ' , 'heres ' , 'my ' , 'analysis ' , 'of ' , 'what ' , 'he ' , 'said ' , 'housingcrisis ' , 'reinstateevictionban ' ]"
"['this', 'is', 'the', 'reality', 'of', 'government', 'created', 'housing', 'catastrophe', 'a', '30', 'year', 'old', 'community', 'worker', 'being', 'made', 'homeless', 'for', 'the', 'second', 'time', 'in', 'two', 'years', 'it', 'feels', 'there', 'are', 'no', 'options', 'other', 'than', 'to', 'leave', 'generation', 'emigrating']","[ 'this ' , 'is ' , 'the ' , 'reality ' , 'of ' , 'government ' , 'created ' , 'housing ' , 'catastrophe ' , ' a ' , '30 ' , 'year ' , 'old ' , 'community ' , 'worker ' , 'being ' , 'made ' , 'homeless ' , 'for ' , 'the ' , 'second ' , 'time ' , 'in ' , 'two ' , 'years ' , 'it ' , 'feels ' , 'there ' , 'are ' , 'no ' , 'options ' , 'other ' , 'than ' , 'to ' , 'leave ' , 'generation ' , 'emigrating ' ]"
"['why', 'is', 'the', 'government', 'so', 'bad', 'at', 'managing', 'housing', 'i', 'mean', 'the', 'country', 'is', 'having', 'a', 'housing', 'crisis', 'thats', 'so', 'bad', 'its', 'caused', 'a', 'second', 'diaspora', 'yet', 'if', 'you', 'look', 'around', 'any', 'town', 'youll', 'notice', 'the', 'amount', 'of', 'derelict', 'buildings', 'that', 'could', 'easily', 'be', 'fixed', 'up', 'and', 'turned', 'into', 'affordable', 'housing']","[ 'why ' , 'is ' , 'the ' , 'government ' , 'so ' , 'bad ' , 'at ' , 'managing ' , 'housing ' , ' i ' , 'mean ' , 'the ' , 'country ' , 'is ' , 'having ' , ' a ' , 'housing ' , 'crisis ' , 'thats ' , 'so ' , 'bad ' , 'its ' , 'caused ' , ' a ' , 'second ' , 'diaspora ' , 'yet ' , 'if ' , 'you ' , 'look ' , 'around ' , 'any ' , 'town ' , 'youll ' , 'notice ' , 'the ' , 'amount ' , 'of ' , 'derelict ' , 'buildings ' , 'that ' , 'could ' , 'easily ' , 'be ' , 'fixed ' , 'up ' , 'and ' , 'turned ' , 'into ' , 'affordable ' , 'housing ' ]"
"['its', 'the', 'tissue', 'thin', 'pancakes', 'the', 'sad', 'meal', 'planning', 'and', 'the', 'total', 'destruction', 'of', 'our', 'social', 'housing', 'structure', 'not', 'necessarily', 'in', 'that', 'order']","[ 'its ' , 'the ' , 'tissue ' , 'thin ' , 'pancakes ' , 'the ' , 'sad ' , 'meal ' , 'planning ' , 'and ' , 'the ' , 'total ' , 'destruction ' , 'of ' , 'our ' , 'social ' , 'housing ' , 'structure ' , 'not ' , 'necessarily ' , 'in ' , 'that ' , 'order ' ]"
"['bill', 'for', 'housing', 'ukrainian', 'refugees', 'in', 'ireland', 'to', 'hit', '1', 'billion', 'within', 'weeks', 'youtube', 'food', 'dukeandduchessofsussex', 'news', 'princeharry']","[ 'bill ' , 'for ' , 'housing ' , 'ukrainian ' , 'refugees ' , 'in ' , 'ireland ' , 'to ' , 'hit ' , ' 1 ' , 'billion ' , 'within ' , 'weeks ' , 'youtube ' , 'food ' , 'dukeandduchessofsussex ' , 'news ' , 'princeharry ' ]"
"['are', 'you', 'a', 'third', 'level', 'student', 'in', 'cork', 'city', 'join', 'the', 'cork', 'student', 'housing', 'co', 'op', 'we', 'are', 'a', 'grassroots', 'student', 'run', 'group', 'that', 'are', 'in', 'the', 'process', 'of', 'forming', 'a', 'co', 'operative', 'our', 'aim', 'is', 'to', 'acquire', 'accommodation', 'for', 'running', 'a', 'low', 'cost', 'community', 'minded', 'student', 'housing', 'co', 'op']","[ 'are ' , 'you ' , ' a ' , 'third ' , 'level ' , 'student ' , 'in ' , 'cork ' , 'city ' , 'join ' , 'the ' , 'cork ' , 'student ' , 'housing ' , 'co ' , 'op ' , 'we ' , 'are ' , ' a ' , 'grassroots ' , 'student ' , 'run ' , 'group ' , 'that ' , 'are ' , 'in ' , 'the ' , 'process ' , 'of ' , 'forming ' , ' a ' , 'co ' , 'operative ' , 'our ' , 'aim ' , 'is ' , 'to ' , 'acquire ' , 'accommodation ' , 'for ' , 'running ' , ' a ' , 'low ' , 'cost ' , 'community ' , 'minded ' , 'student ' , 'housing ' , 'co ' , 'op ' ]"
"['6', 'houses', 'in', 'ennis', 'bought', 'for', '850k', 'by', 'council', 'not', 'brought', 'back', 'to', 'use', 'in', 'a', 'housing', 'emergency', 'are', 'now', 'to', 'be', 'knocked', 'for', 'a', 'temporary', 'car', 'park', 'this', 'vandalism', 'can', 'only', 'be', 'derelictireland']","[ ' 6 ' , 'houses ' , 'in ' , 'ennis ' , 'bought ' , 'for ' , '850k ' , 'by ' , 'council ' , 'not ' , 'brought ' , 'back ' , 'to ' , 'use ' , 'in ' , ' a ' , 'housing ' , 'emergency ' , 'are ' , 'now ' , 'to ' , 'be ' , 'knocked ' , 'for ' , ' a ' , 'temporary ' , 'car ' , 'park ' , 'this ' , 'vandalism ' , 'can ' , 'only ' , 'be ' , 'derelictireland ' ]"
"['svp', 'seeks', 'more', 'volunteers', 'for', 'its', 'social', 'housing', 'division']","[ 'svp ' , 'seeks ' , 'more ' , 'volunteers ' , 'for ' , 'its ' , 'social ' , 'housing ' , 'division ' ]"
"['plans', 'for', '20', 'unit', 'housing', 'proposal', 'for', 'achill', 'sound', 'published']","[ 'plans ' , 'for ' , '20 ' , 'unit ' , 'housing ' , 'proposal ' , 'for ' , 'achill ' , 'sound ' , 'published ' ]"
"['he', 'who', 'soweth', 'the', 'wind', 'repeath', 'the', 'whirlwind', 'housingcrisis']","[ 'he ' , 'who ' , 'soweth ' , 'the ' , 'wind ' , 'repeath ' , 'the ' , 'whirlwind ' , 'housingcrisis ' ]"
"['all', 'parties', 'talking', 'about', 'a', 'commitment', 'to', 'housing', 'mental', 'health', 'a', 'sustainable', 'society', 'which', 'excludes', 'no', 'one', 'at', 'qubelfast', 'agreement25', 'maryloumcdonald', 'beattiedoug', 'columeastwood', 'little', 'pengelly', 'naomi', 'long', 'read', 'more', 'in', 'our', 'human', 'rights', 'briefing']","[ 'all ' , 'parties ' , 'talking ' , 'about ' , ' a ' , 'commitment ' , 'to ' , 'housing ' , 'mental ' , 'health ' , ' a ' , 'sustainable ' , 'society ' , 'which ' , 'excludes ' , 'no ' , 'one ' , 'at ' , 'qubelfast ' , 'agreement25 ' , 'maryloumcdonald ' , 'beattiedoug ' , 'columeastwood ' , 'little ' , 'pengelly ' , 'naomi ' , 'long ' , 'read ' , 'more ' , 'in ' , 'our ' , 'human ' , 'rights ' , 'briefing ' ]"
"['calls', 'for', 'facilites', 'for', 'new', 'delgany', 'housing', 'development']","[ 'calls ' , 'for ' , 'facilites ' , 'for ' , 'new ' , 'delgany ' , 'housing ' , 'development ' ]"
"['our', 'head', 'of', 'activation', 'paul', 'rosbotham', 'is', 'speaking', 'on', 'the', 'pathways', 'to', 'employment', 'panel', 'discussing', 'his', 'work', 'to', 'bring', 'employment', 'and', 'training', 'opportunities', 'to', 'our', 'housing', 'first', 'participants', 'this', 'work', 'empowers', 'our', 'clients', 'to', 're', 'engage', 'with', 'their', 'community', 'rebuild', 'their', 'lives']","[ 'our ' , 'head ' , 'of ' , 'activation ' , 'paul ' , 'rosbotham ' , 'is ' , 'speaking ' , 'on ' , 'the ' , 'pathways ' , 'to ' , 'employment ' , 'panel ' , 'discussing ' , 'his ' , 'work ' , 'to ' , 'bring ' , 'employment ' , 'and ' , 'training ' , 'opportunities ' , 'to ' , 'our ' , 'housing ' , 'first ' , 'participants ' , 'this ' , 'work ' , 'empowers ' , 'our ' , 'clients ' , 'to ' , 're ' , 'engage ' , 'with ' , 'their ' , 'community ' , 'rebuild ' , 'their ' , 'lives ' ]"
"['as', 'a', 'group', 'women', 'are', 'more', 'vulnerable', 'to', 'housing', 'insecurity', 'and', 'access', 'to', 'affordability', 'issues', 'good', 'to', 'see', 'this', 'report', 'focusing', 'on', 'women', 'and', 'housing', 'from', 'housingagencyie', 'we', 'need', 'more', 'data', 'like', 'this', 'to', 'inform', 'housing', 'policy', 'and', 'protect', 'women']","[ 'as ' , ' a ' , 'group ' , 'women ' , 'are ' , 'more ' , 'vulnerable ' , 'to ' , 'housing ' , 'insecurity ' , 'and ' , 'access ' , 'to ' , 'affordability ' , 'issues ' , 'good ' , 'to ' , 'see ' , 'this ' , 'report ' , 'focusing ' , 'on ' , 'women ' , 'and ' , 'housing ' , 'from ' , 'housingagencyie ' , 'we ' , 'need ' , 'more ' , 'data ' , 'like ' , 'this ' , 'to ' , 'inform ' , 'housing ' , 'policy ' , 'and ' , 'protect ' , 'women ' ]"
"['labour', 's', 'geraldnash', 'also', 'out', 'on', 'the', 'plinth', 'talking', 'about', 'housing', 'they', 'criticise', 'the', 'government', 'for', 'not', 'putting', 'any', 'mitigation', 'measures', 'in', 'place', 'before', 'ending', 'the', 'eviction', 'ban', 'as', 'well', 'as', 'failing', 'to', 'meet', 'modest', 'social', 'housing', 'targets']","[ 'labour ' , 's ' , 'geraldnash ' , 'also ' , 'out ' , 'on ' , 'the ' , 'plinth ' , 'talking ' , 'about ' , 'housing ' , 'they ' , 'criticise ' , 'the ' , 'government ' , 'for ' , 'not ' , 'putting ' , 'any ' , 'mitigation ' , 'measures ' , 'in ' , 'place ' , 'before ' , 'ending ' , 'the ' , 'eviction ' , 'ban ' , 'as ' , 'well ' , 'as ' , 'failing ' , 'to ' , 'meet ' , 'modest ' , 'social ' , 'housing ' , 'targets ' ]"
"['indeed', 'here', 's', 'what', 'happened', 'the', 'rte', 'presenter', 'tried', 'twice', 'to', 'downplay', 'the', 'government', 's', 'abysmal', 'housing', 'delivery', 'numbers', 'and', 'tried', 'multiple', 'times', 'to', 'link', 'sinn', 'fein', 'with', 'criminality', 'eobroin', 'was', 'on', 'form', 'and', 'dealt', 'with', 'it', 'deftly', 'impartial', 'broadcasting', 'not']","[ 'indeed ' , 'here ' , 's ' , 'what ' , 'happened ' , 'the ' , 'rte ' , 'presenter ' , 'tried ' , 'twice ' , 'to ' , 'downplay ' , 'the ' , 'government ' , 's ' , 'abysmal ' , 'housing ' , 'delivery ' , 'numbers ' , 'and ' , 'tried ' , 'multiple ' , 'times ' , 'to ' , 'link ' , 'sinn ' , 'fein ' , 'with ' , 'criminality ' , 'eobroin ' , 'was ' , 'on ' , 'form ' , 'and ' , 'dealt ' , 'with ' , 'it ' , 'deftly ' , 'impartial ' , 'broadcasting ' , 'not ' ]"
"['oh', 'my', 'god', 'this', 'guy', 'is', 'a', 'villain']","[ 'oh ' , 'my ' , 'god ' , 'this ' , 'guy ' , 'is ' , ' a ' , 'villain ' ]"
"['opposition', 'parties', 'lining', 'up', 'today', 'to', 'say', 'they', 're', 'very', 'sceptical', 'about', 'release', 'of', '2022', 'public', 'housing', 'figures', 'in', 'which', 'several', 'major', 'targets', 'were', 'missed', 'when', 'newsrooms', 'eyes', 'were', 'focussed', 'on', 'the', 'ccj']","[ 'opposition ' , 'parties ' , 'lining ' , 'up ' , 'today ' , 'to ' , 'say ' , 'they ' , 're ' , 'very ' , 'sceptical ' , 'about ' , 'release ' , 'of ' , '2022 ' , 'public ' , 'housing ' , 'figures ' , 'in ' , 'which ' , 'several ' , 'major ' , 'targets ' , 'were ' , 'missed ' , 'when ' , 'newsrooms ' , 'eyes ' , 'were ' , 'focussed ' , 'on ' , 'the ' , 'ccj ' ]"
"['former', 'president', 'of', 'ireland', 'mary', 'robinson', 'talking', 'about', 'the', 'need', 'to', 'focus', 'on', 'the', 'implementation', 'part', 'of', 'agreements', 'agreement25', 'communities', 'suffering', 'housing', 'health', 'cost', 'of', 'living', 'crisis', 'need', 'more', 'than', 'the', 'words', 'now']","[ 'former ' , 'president ' , 'of ' , 'ireland ' , 'mary ' , 'robinson ' , 'talking ' , 'about ' , 'the ' , 'need ' , 'to ' , 'focus ' , 'on ' , 'the ' , 'implementation ' , 'part ' , 'of ' , 'agreements ' , 'agreement25 ' , 'communities ' , 'suffering ' , 'housing ' , 'health ' , 'cost ' , 'of ' , 'living ' , 'crisis ' , 'need ' , 'more ' , 'than ' , 'the ' , 'words ' , 'now ' ]"
"['what', 'housing', 'crisis', 'like', 'how', 'does', 'this', 'not', 'seem', 'completely', 'deranged', 'to', 'people', 'darraghobrientd', 'shall', 'we', 'mention', 'the', '1', 'billion', 'euro', 'underspend']","[ 'what ' , 'housing ' , 'crisis ' , 'like ' , 'how ' , 'does ' , 'this ' , 'not ' , 'seem ' , 'completely ' , 'deranged ' , 'to ' , 'people ' , 'darraghobrientd ' , 'shall ' , 'we ' , 'mention ' , 'the ' , ' 1 ' , 'billion ' , 'euro ' , 'underspend ' ]"
"['why', 'is', 'ireland', 'with', 'more', 'of', 'an', 'undersupply', 'per', 'person', 'than', 'spain', 'and', 'with', 'more', 'cash', 'in', 'banks', 'not', 'setting', 'up', 'a', 'bank', 'to', 'finance', 'affordable', 'housing', 'climate', 'zero', 'energy', 'bills', 'a', 'td', 's', 'councillors', 'ministers', 'civil', 'servants', 'too', 'afraid', 'of', 'the', 'pillar', 'banks', 'that', 'aren', 't', 'lending']","[ 'why ' , 'is ' , 'ireland ' , 'with ' , 'more ' , 'of ' , 'an ' , 'undersupply ' , 'per ' , 'person ' , 'than ' , 'spain ' , 'and ' , 'with ' , 'more ' , 'cash ' , 'in ' , 'banks ' , 'not ' , 'setting ' , 'up ' , ' a ' , 'bank ' , 'to ' , 'finance ' , 'affordable ' , 'housing ' , 'climate ' , 'zero ' , 'energy ' , 'bills ' , ' a ' , 'td ' , 's ' , 'councillors ' , 'ministers ' , 'civil ' , 'servants ' , 'too ' , 'afraid ' , 'of ' , 'the ' , 'pillar ' , 'banks ' , 'that ' , 'aren ' , 't ' , 'lending ' ]"
"['mortgage', 'market', 'showing', 'signs', 'of', 'return', 'to', 'normality', 'mark', 'crawford', 'of', 'mortgage', 'advisers', 'crawford', 'mulholland', 'financial', 'believes', 'the', 'housing', 'market', 'here', 'is', 'now', 'shaking', 'off', 'the', 'impact', 'of', 'last', 'year', 's', 'disastrous', 'mini', 'budget', 'watch', 'or', 'read', 'more']","[ 'mortgage ' , 'market ' , 'showing ' , 'signs ' , 'of ' , 'return ' , 'to ' , 'normality ' , 'mark ' , 'crawford ' , 'of ' , 'mortgage ' , 'advisers ' , 'crawford ' , 'mulholland ' , 'financial ' , 'believes ' , 'the ' , 'housing ' , 'market ' , 'here ' , 'is ' , 'now ' , 'shaking ' , 'off ' , 'the ' , 'impact ' , 'of ' , 'last ' , 'year ' , 's ' , 'disastrous ' , 'mini ' , 'budget ' , 'watch ' , 'or ' , 'read ' , 'more ' ]"
"['it', 'is', 'unacceptable', 'that', 'anyone', 'should', 'have', 'to', 'sleep', 'rough', 'we', 'must', 'do', 'better', 'to', 'provide', 'housing', 'and', 'support', 'to', 'those', 'in', 'need', 'and', 'the', 'dublin', 'simon', 'outreach', 'team', 'will', 'continue', 'to', 'work', 'tirelessly', 'until', 'nobody', 'has', 'to', 'sleep', 'on', 'our', 'streets', 'homelessness']","[ 'it ' , 'is ' , 'unacceptable ' , 'that ' , 'anyone ' , 'should ' , 'have ' , 'to ' , 'sleep ' , 'rough ' , 'we ' , 'must ' , 'do ' , 'better ' , 'to ' , 'provide ' , 'housing ' , 'and ' , 'support ' , 'to ' , 'those ' , 'in ' , 'need ' , 'and ' , 'the ' , 'dublin ' , 'simon ' , 'outreach ' , 'team ' , 'will ' , 'continue ' , 'to ' , 'work ' , 'tirelessly ' , 'until ' , 'nobody ' , 'has ' , 'to ' , 'sleep ' , 'on ' , 'our ' , 'streets ' , 'homelessness ' ]"
"['information', 'for', 'tenants', 'in', 'limerick', 'who', 'receive', 'a', 'notice', 'to', 'quit', 'anybody', 'who', 'has', 'received', 'a', 'notice', 'to', 'quit', 'and', 'who', 'has', 'no', 'alternative', 'accommodation', 'is', 'urged', 'to', 'contact', 'limerick', 'city', 'and', 'county', 'council', 'read', 'more']","[ 'information ' , 'for ' , 'tenants ' , 'in ' , 'limerick ' , 'who ' , 'receive ' , ' a ' , 'notice ' , 'to ' , 'quit ' , 'anybody ' , 'who ' , 'has ' , 'received ' , ' a ' , 'notice ' , 'to ' , 'quit ' , 'and ' , 'who ' , 'has ' , 'no ' , 'alternative ' , 'accommodation ' , 'is ' , 'urged ' , 'to ' , 'contact ' , 'limerick ' , 'city ' , 'and ' , 'county ' , 'council ' , 'read ' , 'more ' ]"
"['are', 'you', 'a', 'private', 'developer', 'or', 'small', 'builder', 'our', 'turnkey', 'acquisition', 'campaign', 'could', 'kick', 'start', 'your', 'development', 'expressions', 'of', 'interest', 'invited', 'at', 'by', '30th', 'june', '2023', 'enquiries', 'to', '061', '557028', 'or', 'email', 'turnkey', 'limerick', 'ie']","[ 'are ' , 'you ' , ' a ' , 'private ' , 'developer ' , 'or ' , 'small ' , 'builder ' , 'our ' , 'turnkey ' , 'acquisition ' , 'campaign ' , 'could ' , 'kick ' , 'start ' , 'your ' , 'development ' , 'expressions ' , 'of ' , 'interest ' , 'invited ' , 'at ' , 'by ' , '30th ' , 'june ' , '2023 ' , 'enquiries ' , 'to ' , '061 ' , '557028 ' , 'or ' , 'email ' , 'turnkey ' , 'limerick ' , 'ie ' ]"
"['over', '10', '000', 'social', 'homes', 'delivered', 'in', '2022', 'with', '43', 'increase', 'in', 'new', 'build', 'social', 'homes', 'read', 'more', 'here', 'social', 'housing', 'housingforall', 'ireland', 'darraghobrientd', 'depthousingirl']","[ 'over ' , '10 ' , '000 ' , 'social ' , 'homes ' , 'delivered ' , 'in ' , '2022 ' , 'with ' , '43 ' , 'increase ' , 'in ' , 'new ' , 'build ' , 'social ' , 'homes ' , 'read ' , 'more ' , 'here ' , 'social ' , 'housing ' , 'housingforall ' , 'ireland ' , 'darraghobrientd ' , 'depthousingirl ' ]"
"['listening', 'to', 'rtenewsatone', 'and', 'weve', 'got', 'a', 'surplus', 'of', '8', 'billion', 'quid', 'housing', 'figures', 'are', 'dire', 'cuh', 'are', 'under', 'savage', 'pressure', 'and', 'weve', '8bn', 'unallocated', 'and', 'projected', '10bn', 'next', 'year']","[ 'listening ' , 'to ' , 'rtenewsatone ' , 'and ' , 'weve ' , 'got ' , ' a ' , 'surplus ' , 'of ' , ' 8 ' , 'billion ' , 'quid ' , 'housing ' , 'figures ' , 'are ' , 'dire ' , 'cuh ' , 'are ' , 'under ' , 'savage ' , 'pressure ' , 'and ' , 'weve ' , '8bn ' , 'unallocated ' , 'and ' , 'projected ' , '10bn ' , 'next ' , 'year ' ]"
"['oireachtastv', 'watch', 'live', 'as', 'the', 'joint', 'committee', 'on', 'housing', 'local', 'government', 'and', 'heritage', 'meets', 'for', 'engagement', 'with', 'representatives', 'from', 'dochasnetwork', 'goal', 'global', 'cbm', 'global', 'to', 'discuss', 'the', 'sustainable', 'development', 'goals', 'seeforyourself']","[ 'oireachtastv ' , 'watch ' , 'live ' , 'as ' , 'the ' , 'joint ' , 'committee ' , 'on ' , 'housing ' , 'local ' , 'government ' , 'and ' , 'heritage ' , 'meets ' , 'for ' , 'engagement ' , 'with ' , 'representatives ' , 'from ' , 'dochasnetwork ' , 'goal ' , 'global ' , 'cbm ' , 'global ' , 'to ' , 'discuss ' , 'the ' , 'sustainable ' , 'development ' , 'goals ' , 'seeforyourself ' ]"
"['this', 'is', 'just', 'too', 'rich']","[ 'this ' , 'is ' , 'just ' , 'too ' , 'rich ' ]"
"['while', 'everyone', 'would', 'like', 'things', 'to', 'be', 'going', 'even', 'faster', 'there', 'is', 'now', 'no', 'doubt', 'but', 'that', 'significant', 'progress', 'is', 'being', 'made', 're', 'new', 'housing', 'the', 'stats', 'here', 'are', 'excellent', 'delivery', 'of', 'housing', 'will', 'only', 'strengthen', 'from', '2023', 'onward', 'officials', 'claim']","[ 'while ' , 'everyone ' , 'would ' , 'like ' , 'things ' , 'to ' , 'be ' , 'going ' , 'even ' , 'faster ' , 'there ' , 'is ' , 'now ' , 'no ' , 'doubt ' , 'but ' , 'that ' , 'significant ' , 'progress ' , 'is ' , 'being ' , 'made ' , 're ' , 'new ' , 'housing ' , 'the ' , 'stats ' , 'here ' , 'are ' , 'excellent ' , 'delivery ' , 'of ' , 'housing ' , 'will ' , 'only ' , 'strengthen ' , 'from ' , '2023 ' , 'onward ' , 'officials ' , 'claim ' ]"
"['wheredowego', 'a', 'family', 'who', 'faced', 'an', 'illegal', '50', 'rent', 'hike', 'did', 'extra', 'work', 'to', 'meet', 'the', 'rent', 'increase', 'now', 'they', 'find', 'themselves', 'over', 'the', 'limit', 'for', 'housing', 'supports', 'are', 'facing', 'homelessness', 'after', 'the', 'landlord', 'wants', 'the', 'home', 'back', 'do', 'you', 'agree', 'taoiseach', 'that', 'you', 'need', 'to']","[ 'wheredowego ' , ' a ' , 'family ' , 'who ' , 'faced ' , 'an ' , 'illegal ' , '50 ' , 'rent ' , 'hike ' , 'did ' , 'extra ' , 'work ' , 'to ' , 'meet ' , 'the ' , 'rent ' , 'increase ' , 'now ' , 'they ' , 'find ' , 'themselves ' , 'over ' , 'the ' , 'limit ' , 'for ' , 'housing ' , 'supports ' , 'are ' , 'facing ' , 'homelessness ' , 'after ' , 'the ' , 'landlord ' , 'wants ' , 'the ' , 'home ' , 'back ' , 'do ' , 'you ' , 'agree ' , 'taoiseach ' , 'that ' , 'you ' , 'need ' , 'to ' ]"
"['taoiseach', 'accused', 'of', 'being', 'smug', 'as', 'labour', 'ivanabacik', 'and', 'finegael', 'trade', 'blows', 'on', 'housing', 'record']","[ 'taoiseach ' , 'accused ' , 'of ' , 'being ' , 'smug ' , 'as ' , 'labour ' , 'ivanabacik ' , 'and ' , 'finegael ' , 'trade ' , 'blows ' , 'on ' , 'housing ' , 'record ' ]"
"['if', 'i', 'were', 'the', 'government', 'i', 'would', 'order', '50', '000', 'demountable', 'modular', 'shippable', 'one', 'person', 'housing', 'units', 'from', 'the', 'far', 'east', 'for', 'delivery', 'in', '2024', 'and', 'place', 'on', 'vacant', 'urban', 'sites', 'which', 'have', 'been', 'identified', 'this', 'can', 'take', 'the', 'heat', 'out', 'of', 'the', 'housing', 'crisis', 'fast']","[ 'if ' , ' i ' , 'were ' , 'the ' , 'government ' , ' i ' , 'would ' , 'order ' , '50 ' , '000 ' , 'demountable ' , 'modular ' , 'shippable ' , 'one ' , 'person ' , 'housing ' , 'units ' , 'from ' , 'the ' , 'far ' , 'east ' , 'for ' , 'delivery ' , 'in ' , '2024 ' , 'and ' , 'place ' , 'on ' , 'vacant ' , 'urban ' , 'sites ' , 'which ' , 'have ' , 'been ' , 'identified ' , 'this ' , 'can ' , 'take ' , 'the ' , 'heat ' , 'out ' , 'of ' , 'the ' , 'housing ' , 'crisis ' , 'fast ' ]"
"['fine', 'gael', 'has', 'led', 'every', 'government', 'since', '2011', 'its', 'policies', 'are', 'a', 'key', 'contributor', 'to', 'the', 'dearth', 'of', 'public', 'housing', 'finegael', 'rtenews', 'irishtimes', 'independent', 'ie', 'irishexaminer', 'thejournal', 'ie', 'leovaradkar', 'michealmartintd', 'eamonryan', 'maryloumcdonald', 'hollycairnstd', 'ivanabacik']","[ 'fine ' , 'gael ' , 'has ' , 'led ' , 'every ' , 'government ' , 'since ' , '2011 ' , 'its ' , 'policies ' , 'are ' , ' a ' , 'key ' , 'contributor ' , 'to ' , 'the ' , 'dearth ' , 'of ' , 'public ' , 'housing ' , 'finegael ' , 'rtenews ' , 'irishtimes ' , 'independent ' , 'ie ' , 'irishexaminer ' , 'thejournal ' , 'ie ' , 'leovaradkar ' , 'michealmartintd ' , 'eamonryan ' , 'maryloumcdonald ' , 'hollycairnstd ' , 'ivanabacik ' ]"
"['the', 'department', 'of', 'housing', 'is', 'scoping', 'out', 'the', 'creation', 'of', 'the', 'first', 'price', 'register', 'of', 'land', 'sold', 'in', 'ireland', 'alongside', 'the', 'rollout', 'of', 'the', 'new', 'land', 'value', 'sharing', 'rules']","[ 'the ' , 'department ' , 'of ' , 'housing ' , 'is ' , 'scoping ' , 'out ' , 'the ' , 'creation ' , 'of ' , 'the ' , 'first ' , 'price ' , 'register ' , 'of ' , 'land ' , 'sold ' , 'in ' , 'ireland ' , 'alongside ' , 'the ' , 'rollout ' , 'of ' , 'the ' , 'new ' , 'land ' , 'value ' , 'sharing ' , 'rules ' ]"
"['a', 'new', 'low', 'in', 'the', 'response', 'to', 'me', 'from', 'the', 'taoiseach', 'today', 'in', 'our', 'debate', 'on', 'the', 'housingcrisis']","[ ' a ' , 'new ' , 'low ' , 'in ' , 'the ' , 'response ' , 'to ' , 'me ' , 'from ' , 'the ' , 'taoiseach ' , 'today ' , 'in ' , 'our ' , 'debate ' , 'on ' , 'the ' , 'housingcrisis ' ]"
"['from', 'the', 'dept', 'of', 'finance', 'that', 'said', 'wtf', 'to', '4bn', 'being', 'spent', 'on', 'affordable', 'social', 'homes', 'and', 'those', 'that', 'tie', 'up', 'housing', 'non', 'delivery', 'you', 'can', 'bet', 'the', 'same', 'finance', 'hawks', 'will', 'most', 'definitely', 'be', 'waffling', 'about', 'risks', 'not', 'increasing', 'supply', 'to', 'increase', 'trade', 'all', 'with', 'homes']","[ 'from ' , 'the ' , 'dept ' , 'of ' , 'finance ' , 'that ' , 'said ' , 'wtf ' , 'to ' , '4bn ' , 'being ' , 'spent ' , 'on ' , 'affordable ' , 'social ' , 'homes ' , 'and ' , 'those ' , 'that ' , 'tie ' , 'up ' , 'housing ' , 'non ' , 'delivery ' , 'you ' , 'can ' , 'bet ' , 'the ' , 'same ' , 'finance ' , 'hawks ' , 'will ' , 'most ' , 'definitely ' , 'be ' , 'waffling ' , 'about ' , 'risks ' , 'not ' , 'increasing ' , 'supply ' , 'to ' , 'increase ' , 'trade ' , 'all ' , 'with ' , 'homes ' ]"
"['opposition', 'tds', 'questioned', 'the', 'dubious', 'release', 'of', 'new', 'social', 'housing', 'figures', 'when', 'attention', 'was', 'focused', 'on', 'the', 'regency', 'hotel', 'murder', 'trial', 'it', 'was', 'reveled', 'yesterday', 'that', '7', '433', 'new', 'social', 'homes', 'were', 'built', 'last', 'year', '500', 'short', 'of', '2022', 'targets']","[ 'opposition ' , 'tds ' , 'questioned ' , 'the ' , 'dubious ' , 'release ' , 'of ' , 'new ' , 'social ' , 'housing ' , 'figures ' , 'when ' , 'attention ' , 'was ' , 'focused ' , 'on ' , 'the ' , 'regency ' , 'hotel ' , 'murder ' , 'trial ' , 'it ' , 'was ' , 'reveled ' , 'yesterday ' , 'that ' , ' 7 ' , '433 ' , 'new ' , 'social ' , 'homes ' , 'were ' , 'built ' , 'last ' , 'year ' , '500 ' , 'short ' , 'of ' , '2022 ' , 'targets ' ]"
"['sinn', 'f', 'in', 'says', 'governments', 'housing', 'plan', 'in', 'crisis', 'via', 'rte']","[ 'sinn ' , ' f ' , 'in ' , 'says ' , 'governments ' , 'housing ' , 'plan ' , 'in ' , 'crisis ' , 'via ' , 'rte ' ]"
"['taoiseach', 'leo', 'varadkar', 'and', 'labour', 'leader', 'ivana', 'bacik', 'went', 'head', 'to', 'head', 'in', 'the', 'd', 'il', 'as', 'ms', 'bacik', 'criticised', 'the', 'governments', 'social', 'and', 'affordable', 'housing', 'delivery', 'in', '2022']","[ 'taoiseach ' , 'leo ' , 'varadkar ' , 'and ' , 'labour ' , 'leader ' , 'ivana ' , 'bacik ' , 'went ' , 'head ' , 'to ' , 'head ' , 'in ' , 'the ' , 'd ' , 'il ' , 'as ' , 'ms ' , 'bacik ' , 'criticised ' , 'the ' , 'governments ' , 'social ' , 'and ' , 'affordable ' , 'housing ' , 'delivery ' , 'in ' , '2022 ' ]"
"['your', 'housing', 'policy', 'is', 'in', 'rag', 'order', 'taoiseach']","[ 'your ' , 'housing ' , 'policy ' , 'is ' , 'in ' , 'rag ' , 'order ' , 'taoiseach ' ]"
"['el', 'pais', 'is', 'reporting', 'today', 'that', 'this', 'plan', 'will', 'depend', 'on', 'the', 'co', 'operation', 'of', 'the', 'regions', 'and', 'municipalities', 'but', 'at', 'least', 'the', 'socialist', 'government', 'is', 'trying', 'to', 'meet', 'housing', 'need', 'among', 'young', 'people', 'whereas', 'the', 'irish', 'governments', 'inertia', 'leaves', 'them', 'prey', 'to', 'sinn', 'feins', 'populism']","[ 'el ' , 'pais ' , 'is ' , 'reporting ' , 'today ' , 'that ' , 'this ' , 'plan ' , 'will ' , 'depend ' , 'on ' , 'the ' , 'co ' , 'operation ' , 'of ' , 'the ' , 'regions ' , 'and ' , 'municipalities ' , 'but ' , 'at ' , 'least ' , 'the ' , 'socialist ' , 'government ' , 'is ' , 'trying ' , 'to ' , 'meet ' , 'housing ' , 'need ' , 'among ' , 'young ' , 'people ' , 'whereas ' , 'the ' , 'irish ' , 'governments ' , 'inertia ' , 'leaves ' , 'them ' , 'prey ' , 'to ' , 'sinn ' , 'feins ' , 'populism ' ]"
"['fg', 'fighting', 'over', 'which', 'government', 'has', 'a', 'more', 'disastrous', 'record', 'on', 'housing', 'the', 'one', 'they', 'led', 'with', 'labour', 'that', 'invited', 'the', 'vulture', 'funds', 'into', 'ireland', 'or', 'the', 'one', 'theyre', 'currently', 'leading', 'that', 'has', 'caused', 'record', 'homelessness']","[ 'fg ' , 'fighting ' , 'over ' , 'which ' , 'government ' , 'has ' , ' a ' , 'more ' , 'disastrous ' , 'record ' , 'on ' , 'housing ' , 'the ' , 'one ' , 'they ' , 'led ' , 'with ' , 'labour ' , 'that ' , 'invited ' , 'the ' , 'vulture ' , 'funds ' , 'into ' , 'ireland ' , 'or ' , 'the ' , 'one ' , 'theyre ' , 'currently ' , 'leading ' , 'that ' , 'has ' , 'caused ' , 'record ' , 'homelessness ' ]"
"['great', 'to', 'visit', 'anam', 'cara', 'in', 'glasnevin', 'today', 'this', 'development', 'operated', 'by', 'fold', 'housing', 'is', 'housing', 'with', 'associated', 'support', 'services', 'for', 'older', 'people', 'and', 'people', 'with', 'dementia', 'day', 'care', 'services', 'and', 'the', 'local', 'community', 'intervention', 'team', 'are', 'also', 'on', 'site']","[ 'great ' , 'to ' , 'visit ' , 'anam ' , 'cara ' , 'in ' , 'glasnevin ' , 'today ' , 'this ' , 'development ' , 'operated ' , 'by ' , 'fold ' , 'housing ' , 'is ' , 'housing ' , 'with ' , 'associated ' , 'support ' , 'services ' , 'for ' , 'older ' , 'people ' , 'and ' , 'people ' , 'with ' , 'dementia ' , 'day ' , 'care ' , 'services ' , 'and ' , 'the ' , 'local ' , 'community ' , 'intervention ' , 'team ' , 'are ' , 'also ' , 'on ' , 'site ' ]"
"['we', 'are', 'a', 'very', 'wealthy', 'county', 'and', 'we', 'now', 'need', 'a', 'strong', 'enabling', 'state', 'that', 'focuses', 'on', 'supporting', 'and', 'driving', 'services', 'and', 'housing', 'for', 'all', 'exchequer', 'surplus', 'set', 'to', 'reach', '16', '2', 'billion', 'next', 'year', 'via', 'rtenews']","[ 'we ' , 'are ' , ' a ' , 'very ' , 'wealthy ' , 'county ' , 'and ' , 'we ' , 'now ' , 'need ' , ' a ' , 'strong ' , 'enabling ' , 'state ' , 'that ' , 'focuses ' , 'on ' , 'supporting ' , 'and ' , 'driving ' , 'services ' , 'and ' , 'housing ' , 'for ' , 'all ' , 'exchequer ' , 'surplus ' , 'set ' , 'to ' , 'reach ' , '16 ' , ' 2 ' , 'billion ' , 'next ' , 'year ' , 'via ' , 'rtenews ' ]"
"['government', 'criticised', 'for', 'lack', 'of', 'ambition', 'on', 'housing', 'targets']","[ 'government ' , 'criticised ' , 'for ' , 'lack ' , 'of ' , 'ambition ' , 'on ' , 'housing ' , 'targets ' ]"
"['for', 'those', 'wondering', 'why', 'housing', 'output', 'is', 'slowing', 'follow', 'the', 'money', 'paltry', 'amounts', 'of', 'credit', 'supply', 'now', 'being', 'reduced', 'in', 'q4', '22', 'by', 'irish', 'banks', 'sooner', 'we', 'get', 'community', 'finance', 'faster', 'supply', 'of', 'truly', 'affordable', 'increases', 'darraghobrientd', 'bankers', 'are', 'halting', 'supply', 'yet', 'again']","[ 'for ' , 'those ' , 'wondering ' , 'why ' , 'housing ' , 'output ' , 'is ' , 'slowing ' , 'follow ' , 'the ' , 'money ' , 'paltry ' , 'amounts ' , 'of ' , 'credit ' , 'supply ' , 'now ' , 'being ' , 'reduced ' , 'in ' , 'q4 ' , '22 ' , 'by ' , 'irish ' , 'banks ' , 'sooner ' , 'we ' , 'get ' , 'community ' , 'finance ' , 'faster ' , 'supply ' , 'of ' , 'truly ' , 'affordable ' , 'increases ' , 'darraghobrientd ' , 'bankers ' , 'are ' , 'halting ' , 'supply ' , 'yet ' , 'again ' ]"
"['no', 'defence', 'for', 'fffg', 're', 'housing', 'health', 'education', 'or', 'anything', 'else', 'i', 'm', 'as', 'appalled', 'as', 'everyone', 'but', 'i', 'will', 'not', 'be', 'lectured', 'to', 'by', 'sinn', 'fein', 'on', 'anything', 'most', 'especially', 'after', 'the', 'hutch', 'verdict', 'seething', 'review', 'of', 'dowdall', 'they', 're', 'not', 'fit', 'to', 'be', 'in', 'power', 'have', 'zero', 'credibility']","[ 'no ' , 'defence ' , 'for ' , 'fffg ' , 're ' , 'housing ' , 'health ' , 'education ' , 'or ' , 'anything ' , 'else ' , ' i ' , 'm ' , 'as ' , 'appalled ' , 'as ' , 'everyone ' , 'but ' , ' i ' , 'will ' , 'not ' , 'be ' , 'lectured ' , 'to ' , 'by ' , 'sinn ' , 'fein ' , 'on ' , 'anything ' , 'most ' , 'especially ' , 'after ' , 'the ' , 'hutch ' , 'verdict ' , 'seething ' , 'review ' , 'of ' , 'dowdall ' , 'they ' , 're ' , 'not ' , 'fit ' , 'to ' , 'be ' , 'in ' , 'power ' , 'have ' , 'zero ' , 'credibility ' ]"
"['spanish', 'plan', 'to', 'let', 'young', 'adults', 'rent', 'abandoned', 'homes', 'via', 'rtenews']","[ 'spanish ' , 'plan ' , 'to ' , 'let ' , 'young ' , 'adults ' , 'rent ' , 'abandoned ' , 'homes ' , 'via ' , 'rtenews ' ]"
"['wonder', 'would', 'this', 'work', 'in', 'ireland', 'spain', 'is', 'aiming', 'to', 'help', 'millions', 'of', 'young', 'adults', 'still', 'living', 'with', 'their', 'parents', 'to', 'rent', 'their', 'own', 'homes', 'by', 'offering', 'them', 'properties', 'abandoned', 'when', 'its', 'housing', 'market', 'collapsed', 'a', 'decade', 'ago']","[ 'wonder ' , 'would ' , 'this ' , 'work ' , 'in ' , 'ireland ' , 'spain ' , 'is ' , 'aiming ' , 'to ' , 'help ' , 'millions ' , 'of ' , 'young ' , 'adults ' , 'still ' , 'living ' , 'with ' , 'their ' , 'parents ' , 'to ' , 'rent ' , 'their ' , 'own ' , 'homes ' , 'by ' , 'offering ' , 'them ' , 'properties ' , 'abandoned ' , 'when ' , 'its ' , 'housing ' , 'market ' , 'collapsed ' , ' a ' , 'decade ' , 'ago ' ]"
"['as', 'the', 'new', 'fiannafailparty', 'spokesperson', 'on', 'social', 'protection', 'i', 'joined', 'marybutlertd', 'on', 'a', 'visit', 'to', 'fold', 'housing', 'in', 'ballygall', 'i', 'intend', 'to', 'work', 'with', 'min', 'humphries', 'and', 'to', 'ensure', 'our', 'policies', 'are', 'heard', 'in', 'a', 'dept', 'where', 'we', 'dont', 'have', 'a', 'minister', 'for', 'pensioners', 'carers', 'many', 'others']","[ 'as ' , 'the ' , 'new ' , 'fiannafailparty ' , 'spokesperson ' , 'on ' , 'social ' , 'protection ' , ' i ' , 'joined ' , 'marybutlertd ' , 'on ' , ' a ' , 'visit ' , 'to ' , 'fold ' , 'housing ' , 'in ' , 'ballygall ' , ' i ' , 'intend ' , 'to ' , 'work ' , 'with ' , 'min ' , 'humphries ' , 'and ' , 'to ' , 'ensure ' , 'our ' , 'policies ' , 'are ' , 'heard ' , 'in ' , ' a ' , 'dept ' , 'where ' , 'we ' , 'dont ' , 'have ' , ' a ' , 'minister ' , 'for ' , 'pensioners ' , 'carers ' , 'many ' , 'others ' ]"
"['this', 'is', 'fantastic', 'data', 'but', 'it', 'just', 'goes', 'to', 'highlight', 'the', 'utter', 'lack', 'of', 'excuses', 'when', 'it', 'comes', 'to', 'housing', 'we', 'need', 'a', 'once', 'off', 'massive', 'correctional', 'intervention', 'to', 'bring', 'housing', 'stock', 'back', 'into', 'line', 'whatever', 'it', 'takes', 'and', 'we', 'have', 'the', 'money', 'to', 'do', 'it']","[ 'this ' , 'is ' , 'fantastic ' , 'data ' , 'but ' , 'it ' , 'just ' , 'goes ' , 'to ' , 'highlight ' , 'the ' , 'utter ' , 'lack ' , 'of ' , 'excuses ' , 'when ' , 'it ' , 'comes ' , 'to ' , 'housing ' , 'we ' , 'need ' , ' a ' , 'once ' , 'off ' , 'massive ' , 'correctional ' , 'intervention ' , 'to ' , 'bring ' , 'housing ' , 'stock ' , 'back ' , 'into ' , 'line ' , 'whatever ' , 'it ' , 'takes ' , 'and ' , 'we ' , 'have ' , 'the ' , 'money ' , 'to ' , 'do ' , 'it ' ]"
"['spanish', 'government', 'to', 'make', '500', '000', 'foreclosed', 'homes', 'available', 'for', 'rent', 'amid', 'housing', 'crisis']","[ 'spanish ' , 'government ' , 'to ' , 'make ' , '500 ' , '000 ' , 'foreclosed ' , 'homes ' , 'available ' , 'for ' , 'rent ' , 'amid ' , 'housing ' , 'crisis ' ]"
"['varadkar', 'accused', 'of', 'being', 'smug', 'as', 'tds', 'battle', 'over', 'parties', 'housing', 'records']","[ 'varadkar ' , 'accused ' , 'of ' , 'being ' , 'smug ' , 'as ' , 'tds ' , 'battle ' , 'over ' , 'parties ' , 'housing ' , 'records ' ]"
"['safe', 'housing', 'denied', 'to', '10', '000', 'women', 'in', 'england', 'fleeing', 'domestic', 'abuse']","[ 'safe ' , 'housing ' , 'denied ' , 'to ' , '10 ' , '000 ' , 'women ' , 'in ' , 'england ' , 'fleeing ' , 'domestic ' , 'abuse ' ]"
"['damp', 'dirt', 'decay', 'is', 'the', 'mould', 'in', 'this', 'east', 'london', 'housing', 'block', 'the', 'uk', 's', 'worst']","[ 'damp ' , 'dirt ' , 'decay ' , 'is ' , 'the ' , 'mould ' , 'in ' , 'this ' , 'east ' , 'london ' , 'housing ' , 'block ' , 'the ' , 'uk ' , 's ' , 'worst ' ]"
"['i', 'watched', 'a', 'documentary', 'years', 'ago', 'about', 'the', 'horrors', 'of', 'airbnb', 'the', 'poster', 'child', 'for', 'all', 'the', 'ugliness', 'of', 'hyper', 'capitalism', 'such', 'horrors', 'have', 'since', 'become', 'general', 'knowledge', 'ubiquitous', 'and', 'yet', 'this', 'company', 'still', 'exists', 'in', 'a', 'country', 'enduring', 'a', 'devastating', 'housing', 'disaster']","[ ' i ' , 'watched ' , ' a ' , 'documentary ' , 'years ' , 'ago ' , 'about ' , 'the ' , 'horrors ' , 'of ' , 'airbnb ' , 'the ' , 'poster ' , 'child ' , 'for ' , 'all ' , 'the ' , 'ugliness ' , 'of ' , 'hyper ' , 'capitalism ' , 'such ' , 'horrors ' , 'have ' , 'since ' , 'become ' , 'general ' , 'knowledge ' , 'ubiquitous ' , 'and ' , 'yet ' , 'this ' , 'company ' , 'still ' , 'exists ' , 'in ' , ' a ' , 'country ' , 'enduring ' , ' a ' , 'devastating ' , 'housing ' , 'disaster ' ]"
"['in', 'midst', 'of', 'housing', 'emergency', 'just', '323', 'affordable', 'homes', 'for', 'purchase', 'were', 'built', 'by', 'local', 'authorities', 'in', '2022', '24', 'local', 'authorities', 'did', 'not', 'build', '1', 'affordable', 'home', 'just', 'not', 'good', 'enough', 'not', '1', 'in', 'dublin', 'city', 'housingcrisis', 'need', 'emergency', 'set', 'up', 'of', 'a', 'public', 'home', 'building', 'company']","[ 'in ' , 'midst ' , 'of ' , 'housing ' , 'emergency ' , 'just ' , '323 ' , 'affordable ' , 'homes ' , 'for ' , 'purchase ' , 'were ' , 'built ' , 'by ' , 'local ' , 'authorities ' , 'in ' , '2022 ' , '24 ' , 'local ' , 'authorities ' , 'did ' , 'not ' , 'build ' , ' 1 ' , 'affordable ' , 'home ' , 'just ' , 'not ' , 'good ' , 'enough ' , 'not ' , ' 1 ' , 'in ' , 'dublin ' , 'city ' , 'housingcrisis ' , 'need ' , 'emergency ' , 'set ' , 'up ' , 'of ' , ' a ' , 'public ' , 'home ' , 'building ' , 'company ' ]"
"['decrepit', 'public', 'services', 'and', 'a', 'housing', 'crisis', 'are', 'a', 'choice']","[ 'decrepit ' , 'public ' , 'services ' , 'and ' , ' a ' , 'housing ' , 'crisis ' , 'are ' , ' a ' , 'choice ' ]"
"['watch', 'dramatic', 'footage', 'has', 'emerged', 'of', 'a', 'landlord', 'using', 'a', 'circular', 'saw', 'to', 'enter', 'a', 'house', 'at', 'the', 'centre', 'of', 'a', 'dispute', 'the', 'landlord', 'has', 'claimed', 'rent', 'hadnt', 'been', 'paid', 'but', 'the', 'tenant', 'says', 'bank', 'details', 'were', 'changed', 'without', 'his', 'knowledge', 'paulquinnnews', 'reports', 'vmnews', 'housing']","[ 'watch ' , 'dramatic ' , 'footage ' , 'has ' , 'emerged ' , 'of ' , ' a ' , 'landlord ' , 'using ' , ' a ' , 'circular ' , 'saw ' , 'to ' , 'enter ' , ' a ' , 'house ' , 'at ' , 'the ' , 'centre ' , 'of ' , ' a ' , 'dispute ' , 'the ' , 'landlord ' , 'has ' , 'claimed ' , 'rent ' , 'hadnt ' , 'been ' , 'paid ' , 'but ' , 'the ' , 'tenant ' , 'says ' , 'bank ' , 'details ' , 'were ' , 'changed ' , 'without ' , 'his ' , 'knowledge ' , 'paulquinnnews ' , 'reports ' , 'vmnews ' , 'housing ' ]"
"['irelands', 'economy', 'is', 'booming', 'with', 'vast', 'exchequers', 'surpluses', 'this', 'year', 'and', 'next', 'year', 'yet', 'government', 'is', 'deeply', 'unpopular', 'because', 'of', 'it', 's', 'neoliberal', 'subsidised', 'market', 'housing', 'policies', 'exchequer', 'surplus', 'set', 'to', 'reach', '16', '2', 'billion', 'next', 'year', 'via', 'rtenews']","[ 'irelands ' , 'economy ' , 'is ' , 'booming ' , 'with ' , 'vast ' , 'exchequers ' , 'surpluses ' , 'this ' , 'year ' , 'and ' , 'next ' , 'year ' , 'yet ' , 'government ' , 'is ' , 'deeply ' , 'unpopular ' , 'because ' , 'of ' , 'it ' , 's ' , 'neoliberal ' , 'subsidised ' , 'market ' , 'housing ' , 'policies ' , 'exchequer ' , 'surplus ' , 'set ' , 'to ' , 'reach ' , '16 ' , ' 2 ' , 'billion ' , 'next ' , 'year ' , 'via ' , 'rtenews ' ]"
"['a', 'new', 'low', 'a', 'bit', 'like', 'social', 'housing', 'construction', 'when', 'alan', 'kelly', 'was', 'minister', 'for', 'housing', 'the', 'last', 'time', 'you', 'were', 'in', 'government']","[ ' a ' , 'new ' , 'low ' , ' a ' , 'bit ' , 'like ' , 'social ' , 'housing ' , 'construction ' , 'when ' , 'alan ' , 'kelly ' , 'was ' , 'minister ' , 'for ' , 'housing ' , 'the ' , 'last ' , 'time ' , 'you ' , 'were ' , 'in ' , 'government ' ]"
"['not', 'to', 'be', 'captain', 'obvious', 'but', 'literally', 'just', 'put', 'the', 'surplus', 'towards', 'paying', 'down', 'the', 'debt', 'and', 'invest', 'in', 'some', 'capital', 'infrastructure', 'transport', 'housing', 'and', 'wastewater', 'it', 's', 'totally', 'unreliable', 'and', 'any', 'project', 'that', 'can', 't', 'be', 'delivered', 'within', '2', 'years', 'probably', 'isn', 't', 'worth', 'starting']","[ 'not ' , 'to ' , 'be ' , 'captain ' , 'obvious ' , 'but ' , 'literally ' , 'just ' , 'put ' , 'the ' , 'surplus ' , 'towards ' , 'paying ' , 'down ' , 'the ' , 'debt ' , 'and ' , 'invest ' , 'in ' , 'some ' , 'capital ' , 'infrastructure ' , 'transport ' , 'housing ' , 'and ' , 'wastewater ' , 'it ' , 's ' , 'totally ' , 'unreliable ' , 'and ' , 'any ' , 'project ' , 'that ' , 'can ' , 't ' , 'be ' , 'delivered ' , 'within ' , ' 2 ' , 'years ' , 'probably ' , 'isn ' , 't ' , 'worth ' , 'starting ' ]"
"['yes', 'not', 'free', 'market', 'but', 'subsidised', 'markets', 'where', 'billions', 'of', 'taxpayer', 's', 'are', 'poured', 'on', 'housing', 'distorting', 'the', 'market', 'crowding', 'out', 'new', 'home', 'buyers', 'creating', 'dependency', 'etc', 'but', 'not', 'building', 'keeping', 'public', 'housing']","[ 'yes ' , 'not ' , 'free ' , 'market ' , 'but ' , 'subsidised ' , 'markets ' , 'where ' , 'billions ' , 'of ' , 'taxpayer ' , 's ' , 'are ' , 'poured ' , 'on ' , 'housing ' , 'distorting ' , 'the ' , 'market ' , 'crowding ' , 'out ' , 'new ' , 'home ' , 'buyers ' , 'creating ' , 'dependency ' , 'etc ' , 'but ' , 'not ' , 'building ' , 'keeping ' , 'public ' , 'housing ' ]"
"['residents', 'in', 'two', 'carrick', 'on', 'suir', 'housing', 'estates', 'press', 'council', 'for', 'more', 'car', 'parking', 'spaces']","[ 'residents ' , 'in ' , 'two ' , 'carrick ' , 'on ' , 'suir ' , 'housing ' , 'estates ' , 'press ' , 'council ' , 'for ' , 'more ' , 'car ' , 'parking ' , 'spaces ' ]"
"['residents', 'in', 'two', 'carrick', 'on', 'suir', 'housing', 'estates', 'press', 'council', 'for', 'more', 'car', 'parking', 'spaces']","[ 'residents ' , 'in ' , 'two ' , 'carrick ' , 'on ' , 'suir ' , 'housing ' , 'estates ' , 'press ' , 'council ' , 'for ' , 'more ' , 'car ' , 'parking ' , 'spaces ' ]"
"['government', 'criticised', 'for', 'lack', 'of', 'ambition', 'on', 'housing', 'targets']","[ 'government ' , 'criticised ' , 'for ' , 'lack ' , 'of ' , 'ambition ' , 'on ' , 'housing ' , 'targets ' ]"
"['labour', 'leader', 'ivana', 'bacik', 'said', 'he', 'had', 'reached', 'a', 'new', 'low', 'in', 'ridiculous', 'political', 'point', 'scoring', 'accusing', 'the', 'fine', 'gael', 'leader', 'of', 'being', 'smug', 'smug', 'surely', 'not', 'leo']","[ 'labour ' , 'leader ' , 'ivana ' , 'bacik ' , 'said ' , 'he ' , 'had ' , 'reached ' , ' a ' , 'new ' , 'low ' , 'in ' , 'ridiculous ' , 'political ' , 'point ' , 'scoring ' , 'accusing ' , 'the ' , 'fine ' , 'gael ' , 'leader ' , 'of ' , 'being ' , 'smug ' , 'smug ' , 'surely ' , 'not ' , 'leo ' ]"
"['my', '2', 'states', 'of', 'mind', 'being', 'sick', 'of', 'anything', 'related', 'to', 'housing', 'crisis', 'eviction', 'ban', 'and', 'obsessing', 'about', 'it', 'as', 'i', 'remember', 'im', 'about', 'to', 'become', 'homeless', 'myself']","[ 'my ' , ' 2 ' , 'states ' , 'of ' , 'mind ' , 'being ' , 'sick ' , 'of ' , 'anything ' , 'related ' , 'to ' , 'housing ' , 'crisis ' , 'eviction ' , 'ban ' , 'and ' , 'obsessing ' , 'about ' , 'it ' , 'as ' , ' i ' , 'remember ' , 'im ' , 'about ' , 'to ' , 'become ' , 'homeless ' , 'myself ' ]"
"['sort', 'out', 'the', 'following', 'health', 'care', 'education', 'housing', 'sustainable', 'transport', 'renewable', 'energy']","[ 'sort ' , 'out ' , 'the ' , 'following ' , 'health ' , 'care ' , 'education ' , 'housing ' , 'sustainable ' , 'transport ' , 'renewable ' , 'energy ' ]"
"['join', 'me', 'at', '10pm', 'tonightvmtv', 'we', 'are', 'talking', 'about', 'cannabis', 'and', 'public', 'health', 'should', 'it', 'be', 'legalised', 'what', 'about', 'decriminalisation', 'is', 'that', 'the', 'way', 'to', 'embrace', 'a', 'health', 'led', 'response', 'plus', 'housing', 'targets', 'miss', 'the', 'mark', 'and', 'traffic', 'cutting', 'measures', 'tonightvmtv']","[ 'join ' , 'me ' , 'at ' , '10pm ' , 'tonightvmtv ' , 'we ' , 'are ' , 'talking ' , 'about ' , 'cannabis ' , 'and ' , 'public ' , 'health ' , 'should ' , 'it ' , 'be ' , 'legalised ' , 'what ' , 'about ' , 'decriminalisation ' , 'is ' , 'that ' , 'the ' , 'way ' , 'to ' , 'embrace ' , ' a ' , 'health ' , 'led ' , 'response ' , 'plus ' , 'housing ' , 'targets ' , 'miss ' , 'the ' , 'mark ' , 'and ' , 'traffic ' , 'cutting ' , 'measures ' , 'tonightvmtv ' ]"
"['the', 'house', 'is', 'back', 'and', 'housing', 's', 'item', 'one', 'on', 'the', 'agenda', 'the', 'citizen', 's', 'assembly', 'on', 'drugs', 'will', 'it', 'should', 'it', 'signal', 'a', 'new', 'approach', 'to', 'tackling', 'harm', 'addiction', 'and', 'bye', 'bye', 'biden', 'so', 'what', 'did', 'he', 'get', 'f', 'ilte', 'or', 'fawning', 'paulmcauliffe', 'thomasgouldsf', 'bridsmithtd', 'christinafinn8']","[ 'the ' , 'house ' , 'is ' , 'back ' , 'and ' , 'housing ' , 's ' , 'item ' , 'one ' , 'on ' , 'the ' , 'agenda ' , 'the ' , 'citizen ' , 's ' , 'assembly ' , 'on ' , 'drugs ' , 'will ' , 'it ' , 'should ' , 'it ' , 'signal ' , ' a ' , 'new ' , 'approach ' , 'to ' , 'tackling ' , 'harm ' , 'addiction ' , 'and ' , 'bye ' , 'bye ' , 'biden ' , 'so ' , 'what ' , 'did ' , 'he ' , 'get ' , ' f ' , 'ilte ' , 'or ' , 'fawning ' , 'paulmcauliffe ' , 'thomasgouldsf ' , 'bridsmithtd ' , 'christinafinn8 ' ]"
"['government', 'criticised', 'for', 'lack', 'of', 'ambition', 'on', 'housing', 'targets']","[ 'government ' , 'criticised ' , 'for ' , 'lack ' , 'of ' , 'ambition ' , 'on ' , 'housing ' , 'targets ' ]"
"['sinn', 'f', 'in', 'leader', 'accuses', 'taoiseach', 'of', 'being', 'in', 'a', 'state', 'of', 'denial', 'regarding', 'the', 'housing', 'crisis', 'youtube', 'europe', 'nature', 'wanderlust', 'news']","[ 'sinn ' , ' f ' , 'in ' , 'leader ' , 'accuses ' , 'taoiseach ' , 'of ' , 'being ' , 'in ' , ' a ' , 'state ' , 'of ' , 'denial ' , 'regarding ' , 'the ' , 'housing ' , 'crisis ' , 'youtube ' , 'europe ' , 'nature ' , 'wanderlust ' , 'news ' ]"
"['taoiseach', 'accused', 'of', 'being', 'smug', 'as', 'labour', 'and', 'fg', 'trade', 'blows', 'on', 'housing', 'record', 'youtube', 'travel', 'photography', 'meghanmarkle', 'news']","[ 'taoiseach ' , 'accused ' , 'of ' , 'being ' , 'smug ' , 'as ' , 'labour ' , 'and ' , 'fg ' , 'trade ' , 'blows ' , 'on ' , 'housing ' , 'record ' , 'youtube ' , 'travel ' , 'photography ' , 'meghanmarkle ' , 'news ' ]"
"['i', 'think', 'wed', 'be', 'confident', 'housing', 'dept', 'expects', 'to', 'hit', 'overall', 'housing', 'targets', 'in', '2023', 'youtube', 'news', 'referendum', 'photooftheday', 'dukeandduchessofsussex']","[ ' i ' , 'think ' , 'wed ' , 'be ' , 'confident ' , 'housing ' , 'dept ' , 'expects ' , 'to ' , 'hit ' , 'overall ' , 'housing ' , 'targets ' , 'in ' , '2023 ' , 'youtube ' , 'news ' , 'referendum ' , 'photooftheday ' , 'dukeandduchessofsussex ' ]"
"['spain', 'is', 'aiming', 'to', 'help', 'millions', 'of', 'young', 'adults', 'still', 'living', 'with', 'their', 'parents', 'to', 'rent', 'their', 'own', 'homes', 'by', 'offering', 'them', 'properties', 'abandoned', 'when', 'its', 'housing', 'market', 'collapsed', 'a', 'decade', 'ago', 'how', 'about', 'this', 'for', 'derelictireland']","[ 'spain ' , 'is ' , 'aiming ' , 'to ' , 'help ' , 'millions ' , 'of ' , 'young ' , 'adults ' , 'still ' , 'living ' , 'with ' , 'their ' , 'parents ' , 'to ' , 'rent ' , 'their ' , 'own ' , 'homes ' , 'by ' , 'offering ' , 'them ' , 'properties ' , 'abandoned ' , 'when ' , 'its ' , 'housing ' , 'market ' , 'collapsed ' , ' a ' , 'decade ' , 'ago ' , 'how ' , 'about ' , 'this ' , 'for ' , 'derelictireland ' ]"
"['my', 'speech', 'on', 'the', 'sinnfeinireland', 'housing', 'motion', 'tonight']","[ 'my ' , 'speech ' , 'on ' , 'the ' , 'sinnfeinireland ' , 'housing ' , 'motion ' , 'tonight ' ]"
"['so', 'called', 'value', 'investors', 'waffling', 'about', 'the', 'value', 'of', 'a', 'house', '7k', 'per', 'sqm', 'with', 'a', 'full', 'refurb', 'required', 'lads', 'wouldnt', 'be', 'able', 'to', 'put', 'up', 'a', 'shelf', 'nevermind', 'advise', 'on', 'housing', 'costs', 'useless', 'b', 'stards', 'analysing', 'balance', 'sheets', 'to', 'trading', 'value', 'and', 'thinking', 'theyre', 'genius']","[ 'so ' , 'called ' , 'value ' , 'investors ' , 'waffling ' , 'about ' , 'the ' , 'value ' , 'of ' , ' a ' , 'house ' , '7k ' , 'per ' , 'sqm ' , 'with ' , ' a ' , 'full ' , 'refurb ' , 'required ' , 'lads ' , 'wouldnt ' , 'be ' , 'able ' , 'to ' , 'put ' , 'up ' , ' a ' , 'shelf ' , 'nevermind ' , 'advise ' , 'on ' , 'housing ' , 'costs ' , 'useless ' , ' b ' , 'stards ' , 'analysing ' , 'balance ' , 'sheets ' , 'to ' , 'trading ' , 'value ' , 'and ' , 'thinking ' , 'theyre ' , 'genius ' ]"
"['a', 'labour', 'senator', 'fawning', 'anger', 'and', 'outrage', 'around', 'the', 'housing', 'crisis', 'on', 'the', 'tonight', 'show', 'yet', 'when', 'it', 's', 'pointed', 'out', 'to', 'her', 'that', 'that', 'they', 'had', 'the', 'housing', 'portfolio', 'when', 'in', 'gov', 'with', 'fg', 'she', 'claims', 'it', 'was', 'an', 'inherited', 'problem', 'lab', 'never', 'take', 'responsibility', 'for', 'their', 'failings']","[ ' a ' , 'labour ' , 'senator ' , 'fawning ' , 'anger ' , 'and ' , 'outrage ' , 'around ' , 'the ' , 'housing ' , 'crisis ' , 'on ' , 'the ' , 'tonight ' , 'show ' , 'yet ' , 'when ' , 'it ' , 's ' , 'pointed ' , 'out ' , 'to ' , 'her ' , 'that ' , 'that ' , 'they ' , 'had ' , 'the ' , 'housing ' , 'portfolio ' , 'when ' , 'in ' , 'gov ' , 'with ' , 'fg ' , 'she ' , 'claims ' , 'it ' , 'was ' , 'an ' , 'inherited ' , 'problem ' , 'lab ' , 'never ' , 'take ' , 'responsibility ' , 'for ' , 'their ' , 'failings ' ]"
"['looks', 'like', 'social', 'housing', 'scheme', 'for', 'west', 'belfast', 'given', 'green', 'light', 'at', 'council', 'tonight', 'scheme', 'had', 'been', 'recommended', 'for', 'refusal', 'by', 'planners']","[ 'looks ' , 'like ' , 'social ' , 'housing ' , 'scheme ' , 'for ' , 'west ' , 'belfast ' , 'given ' , 'green ' , 'light ' , 'at ' , 'council ' , 'tonight ' , 'scheme ' , 'had ' , 'been ' , 'recommended ' , 'for ' , 'refusal ' , 'by ' , 'planners ' ]"
"['so', 'much', 'talk', 'about', 'affordable', 'housing', 'and', 'funds', 'getting', 'directed', 'that', 'way', 'i', 'don', 't', 'see', 'much', 'talk', 'about', 'making', 'housing', 'more', 'affordable', 'for', 'people', 'earning', 'just', 'enough', 'to', 'push', 'them', 'out', 'of', 'the', 'affordable', 'housing', 'bracket', 'needs', 'to', 'be', 'more', 'focus', 'on', 'squeezed', 'middle', 'who', 'get', 'no', 'help']","[ 'so ' , 'much ' , 'talk ' , 'about ' , 'affordable ' , 'housing ' , 'and ' , 'funds ' , 'getting ' , 'directed ' , 'that ' , 'way ' , ' i ' , 'don ' , 't ' , 'see ' , 'much ' , 'talk ' , 'about ' , 'making ' , 'housing ' , 'more ' , 'affordable ' , 'for ' , 'people ' , 'earning ' , 'just ' , 'enough ' , 'to ' , 'push ' , 'them ' , 'out ' , 'of ' , 'the ' , 'affordable ' , 'housing ' , 'bracket ' , 'needs ' , 'to ' , 'be ' , 'more ' , 'focus ' , 'on ' , 'squeezed ' , 'middle ' , 'who ' , 'get ' , 'no ' , 'help ' ]"
"['the', 'irish', 'govt', 'having', 'a', 'surplus', 'of', '10', 'billion', 'and', 'despite', 'it', 'underspent', 'on', 'housing', 'theyre', 'on', 'the', 'news', 'now', 'complaining', 'they', 'cant', 'spend', 'it', 'because', 'of', 'not', 'having', 'the', 'people', 'to', 'build', 'houses', 'and', 'having', 'to', 'compete', 'with', 'the', 'private', 'market', 'you', 'have', 'billions', 'why', 'not', 'pay', 'higher']","[ 'the ' , 'irish ' , 'govt ' , 'having ' , ' a ' , 'surplus ' , 'of ' , '10 ' , 'billion ' , 'and ' , 'despite ' , 'it ' , 'underspent ' , 'on ' , 'housing ' , 'theyre ' , 'on ' , 'the ' , 'news ' , 'now ' , 'complaining ' , 'they ' , 'cant ' , 'spend ' , 'it ' , 'because ' , 'of ' , 'not ' , 'having ' , 'the ' , 'people ' , 'to ' , 'build ' , 'houses ' , 'and ' , 'having ' , 'to ' , 'compete ' , 'with ' , 'the ' , 'private ' , 'market ' , 'you ' , 'have ' , 'billions ' , 'why ' , 'not ' , 'pay ' , 'higher ' ]"
"['watch', 'dramatic', 'footage', 'has', 'emerged', 'of', 'a', 'landlord', 'using', 'a', 'circular', 'saw', 'to', 'enter', 'a', 'house', 'at', 'the', 'centre', 'of', 'a', 'dispute', 'the', 'landlord', 'has', 'claimed', 'rent', 'hadnt', 'been', 'paid', 'but', 'the', 'tenant', 'says', 'bank', 'details', 'were', 'changed', 'without', 'his', 'knowledge', 'paulquinnnews', 'reports', 'vmnews', 'housing']","[ 'watch ' , 'dramatic ' , 'footage ' , 'has ' , 'emerged ' , 'of ' , ' a ' , 'landlord ' , 'using ' , ' a ' , 'circular ' , 'saw ' , 'to ' , 'enter ' , ' a ' , 'house ' , 'at ' , 'the ' , 'centre ' , 'of ' , ' a ' , 'dispute ' , 'the ' , 'landlord ' , 'has ' , 'claimed ' , 'rent ' , 'hadnt ' , 'been ' , 'paid ' , 'but ' , 'the ' , 'tenant ' , 'says ' , 'bank ' , 'details ' , 'were ' , 'changed ' , 'without ' , 'his ' , 'knowledge ' , 'paulquinnnews ' , 'reports ' , 'vmnews ' , 'housing ' ]"
"['with', 'joe', 'mchugh', 'eoghan', 'murphy', 'brendan', 'griffin', '4', 'respected', 'finegael', 'tds', 'have', 'bowed', 'out', 'having', 'gone', 'left', 'on', 'all', 'issues', 'but', 'housing', 'where', 'ironically', 'ppl', 'want', 'left', 'policies', 'fg', 'cant', 'rely', 'on', 'its', 'brand', 'but', 'needs', 'to', 'rely', 'on', 'its', 'tds', 'personal', 'voter', 'appeal', 'so', 'this', 'isnt', 'great', 'news']","[ 'with ' , 'joe ' , 'mchugh ' , 'eoghan ' , 'murphy ' , 'brendan ' , 'griffin ' , ' 4 ' , 'respected ' , 'finegael ' , 'tds ' , 'have ' , 'bowed ' , 'out ' , 'having ' , 'gone ' , 'left ' , 'on ' , 'all ' , 'issues ' , 'but ' , 'housing ' , 'where ' , 'ironically ' , 'ppl ' , 'want ' , 'left ' , 'policies ' , 'fg ' , 'cant ' , 'rely ' , 'on ' , 'its ' , 'brand ' , 'but ' , 'needs ' , 'to ' , 'rely ' , 'on ' , 'its ' , 'tds ' , 'personal ' , 'voter ' , 'appeal ' , 'so ' , 'this ' , 'isnt ' , 'great ' , 'news ' ]"
"['south', 'east', 'set', 'to', 'have', '2', '6bn', 'surplus', 'to', 'add', 'to', 'home', 'businesses', '23bn', 'in', 'south', 'east', 'what', 'five', 'things', 'would', 'councillors', 'spend', 'some', 'of', 'this', 'on', 'to', 'improve', 'outcomes', 'given', 'not', 'one', 'put', 'cash', 'usage', 'as', 'debt', 'or', 'equity', 'into', 'county', 'economic', 'housing', 'climate', 'community', 'plans']","[ 'south ' , 'east ' , 'set ' , 'to ' , 'have ' , ' 2 ' , '6bn ' , 'surplus ' , 'to ' , 'add ' , 'to ' , 'home ' , 'businesses ' , '23bn ' , 'in ' , 'south ' , 'east ' , 'what ' , 'five ' , 'things ' , 'would ' , 'councillors ' , 'spend ' , 'some ' , 'of ' , 'this ' , 'on ' , 'to ' , 'improve ' , 'outcomes ' , 'given ' , 'not ' , 'one ' , 'put ' , 'cash ' , 'usage ' , 'as ' , 'debt ' , 'or ' , 'equity ' , 'into ' , 'county ' , 'economic ' , 'housing ' , 'climate ' , 'community ' , 'plans ' ]"
"['repeat', 'after', 'me', 'social', 'housing', 'tenants', 'pay', 'rent', 'hap', 'is', 'government', 'sanctioned', 'landlord', 'social', 'welfare']","[ 'repeat ' , 'after ' , 'me ' , 'social ' , 'housing ' , 'tenants ' , 'pay ' , 'rent ' , 'hap ' , 'is ' , 'government ' , 'sanctioned ' , 'landlord ' , 'social ' , 'welfare ' ]"
"['d', 'il', 'topical', 'issue', '2', 'deputy', 'danny', 'healy', 'rae', 'td', 'dannyhealyrae', 'to', 'the', 'minister', 'for', 'housing', 'local', 'government', 'and', 'heritage', 'to', 'discuss', 'the', 'imposition', 'of', 'the', 'vacant', 'land', 'tax', 'on', 'active', 'family', 'farms', 'adjacent', 'to', 'towns', 'seeforyourself']","[ 'd ' , 'il ' , 'topical ' , 'issue ' , ' 2 ' , 'deputy ' , 'danny ' , 'healy ' , 'rae ' , 'td ' , 'dannyhealyrae ' , 'to ' , 'the ' , 'minister ' , 'for ' , 'housing ' , 'local ' , 'government ' , 'and ' , 'heritage ' , 'to ' , 'discuss ' , 'the ' , 'imposition ' , 'of ' , 'the ' , 'vacant ' , 'land ' , 'tax ' , 'on ' , 'active ' , 'family ' , 'farms ' , 'adjacent ' , 'to ' , 'towns ' , 'seeforyourself ' ]"
"['lets', 'invite', 'all', 'these', 'economic', 'migrants', 'to', 'ireland', 'and', 'worsen', 'our', 'housing', 'and', 'health', 'sector', 'tyranny']","[ 'lets ' , 'invite ' , 'all ' , 'these ' , 'economic ' , 'migrants ' , 'to ' , 'ireland ' , 'and ' , 'worsen ' , 'our ' , 'housing ' , 'and ' , 'health ' , 'sector ' , 'tyranny ' ]"
"['how', 'come', 'mcculld', 'was', 'foaming', 'at', 'the', 'mouth', 'with', 'indignation', 'when', 'interviewing', 'mary', 'lou', 'mcdonald', 'yesterday', 'yet', 'the', 'man', 'presiding', 'over', 'the', 'worst', 'housing', 'crisis', 'in', 'the', 'history', 'of', 'the', 'state', 'gets', 'a', 'cosy', 'pre', 'recorded', 'interview', 'and', 'they', 're', 'asking', 'for', 'an', 'increase', 'to', 'the', 'tv', 'licence']","[ 'how ' , 'come ' , 'mcculld ' , 'was ' , 'foaming ' , 'at ' , 'the ' , 'mouth ' , 'with ' , 'indignation ' , 'when ' , 'interviewing ' , 'mary ' , 'lou ' , 'mcdonald ' , 'yesterday ' , 'yet ' , 'the ' , 'man ' , 'presiding ' , 'over ' , 'the ' , 'worst ' , 'housing ' , 'crisis ' , 'in ' , 'the ' , 'history ' , 'of ' , 'the ' , 'state ' , 'gets ' , ' a ' , 'cosy ' , 'pre ' , 'recorded ' , 'interview ' , 'and ' , 'they ' , 're ' , 'asking ' , 'for ' , 'an ' , 'increase ' , 'to ' , 'the ' , 'tv ' , 'licence ' ]"
"['not', 'one', 'modular', 'home', 'ready', 'for', 'ukrainian', 'refugees', 'as', 'government', 'way', 'off', 'target', 'of', '700', 'via', 'thejournal', 'ie', 'not', 'one', 'home', 'has', 'been', 'delivered', 'yet']","[ 'not ' , 'one ' , 'modular ' , 'home ' , 'ready ' , 'for ' , 'ukrainian ' , 'refugees ' , 'as ' , 'government ' , 'way ' , 'off ' , 'target ' , 'of ' , '700 ' , 'via ' , 'thejournal ' , 'ie ' , 'not ' , 'one ' , 'home ' , 'has ' , 'been ' , 'delivered ' , 'yet ' ]"
"['council', 'guts', 'tenant', 's', 'home', 'while', 'he', 'is', 'in', 'hospital', 'older', 'man', 'left', 'with', 'nothing', 'after', 'belongings', 'and', 'items', 'of', 'sentimental', 'value', 'cleared', 'from', 'dcc', 'flat']","[ 'council ' , 'guts ' , 'tenant ' , 's ' , 'home ' , 'while ' , 'he ' , 'is ' , 'in ' , 'hospital ' , 'older ' , 'man ' , 'left ' , 'with ' , 'nothing ' , 'after ' , 'belongings ' , 'and ' , 'items ' , 'of ' , 'sentimental ' , 'value ' , 'cleared ' , 'from ' , 'dcc ' , 'flat ' ]"
"['decision', 'time', 'is', 'delighted', 'to', 'be', 'exhibiting', 'and', 'speaking', 'at', 'the', 'housing', 'grc', 'conference', 'on', '18th', 'may', '2023', 'at', 'the', 'british', 'motor', 'museum', 'warwickshire', 'follow', 'the', 'link', 'to', 'find', 'out', 'more', 'about', 'the', 'conference', 'housingsector', 'governance', 'riskmanagement']","[ 'decision ' , 'time ' , 'is ' , 'delighted ' , 'to ' , 'be ' , 'exhibiting ' , 'and ' , 'speaking ' , 'at ' , 'the ' , 'housing ' , 'grc ' , 'conference ' , 'on ' , '18th ' , 'may ' , '2023 ' , 'at ' , 'the ' , 'british ' , 'motor ' , 'museum ' , 'warwickshire ' , 'follow ' , 'the ' , 'link ' , 'to ' , 'find ' , 'out ' , 'more ' , 'about ' , 'the ' , 'conference ' , 'housingsector ' , 'governance ' , 'riskmanagement ' ]"
"['businesses', 'in', 'the', 'hospitality', 'sector', 'say', 'they', 'need', 'government', 'supports', 'to', 'mitigate', 'the', 'financial', 'hit', 'theyre', 'seeing', 'as', 'a', 'result', 'of', 'the', 'block', 'booking', 'of', 'hotels', 'and', 'other', 'tourist', 'accommodation', 'to', 'house', 'refugees']","[ 'businesses ' , 'in ' , 'the ' , 'hospitality ' , 'sector ' , 'say ' , 'they ' , 'need ' , 'government ' , 'supports ' , 'to ' , 'mitigate ' , 'the ' , 'financial ' , 'hit ' , 'theyre ' , 'seeing ' , 'as ' , ' a ' , 'result ' , 'of ' , 'the ' , 'block ' , 'booking ' , 'of ' , 'hotels ' , 'and ' , 'other ' , 'tourist ' , 'accommodation ' , 'to ' , 'house ' , 'refugees ' ]"
"['outsourced', 'immigration', 'control', 'is', 'always', 'problematic', 'another', 'implication', 'of', 'the', 'housing', 'crisis', 'and', 'botched', 'response', 'travellers', 'to', 'ireland', 'paying', 'again', 'for', 'failures', 'in', 'this', 'area']","[ 'outsourced ' , 'immigration ' , 'control ' , 'is ' , 'always ' , 'problematic ' , 'another ' , 'implication ' , 'of ' , 'the ' , 'housing ' , 'crisis ' , 'and ' , 'botched ' , 'response ' , 'travellers ' , 'to ' , 'ireland ' , 'paying ' , 'again ' , 'for ' , 'failures ' , 'in ' , 'this ' , 'area ' ]"
"['europe', 's', 'decade', 'long', 'housing', 'boom', 'grinds', 'to', 'a', 'halt', 'europe', 'letter', 'the', 'end', 'of', 'the', 'cheap', 'money', 'era', 'has', 'frozen', 'real', 'estate', 'sales', 'and', 'tipped', 'prices', 'downwards']","[ 'europe ' , 's ' , 'decade ' , 'long ' , 'housing ' , 'boom ' , 'grinds ' , 'to ' , ' a ' , 'halt ' , 'europe ' , 'letter ' , 'the ' , 'end ' , 'of ' , 'the ' , 'cheap ' , 'money ' , 'era ' , 'has ' , 'frozen ' , 'real ' , 'estate ' , 'sales ' , 'and ' , 'tipped ' , 'prices ' , 'downwards ' ]"
"['small', 'investment', 'firm', 'snaps', 'up', '14m', 'of', 'homes', 'in', 'two', 'years', 'arena', 'capital', 'has', 'bought', 'residential', 'property', 'in', 'ireland', 'with', 'a', 'view', 'to', 'lease', 'the', 'units', 'to', 'councils', 'for', 'social', 'housing']","[ 'small ' , 'investment ' , 'firm ' , 'snaps ' , 'up ' , '14m ' , 'of ' , 'homes ' , 'in ' , 'two ' , 'years ' , 'arena ' , 'capital ' , 'has ' , 'bought ' , 'residential ' , 'property ' , 'in ' , 'ireland ' , 'with ' , ' a ' , 'view ' , 'to ' , 'lease ' , 'the ' , 'units ' , 'to ' , 'councils ' , 'for ' , 'social ' , 'housing ' ]"
"['west', 'belfast', 'partnerships', 'housing', 'environment', 'planning', 'committee', 'at', 'a', 'recent', 'site', 'visit', 'to', 'see', 'the', 'progress', 'of', 'the', 'new', 'belfast', 'grand', 'central', 'station', 'this', 'is', 'a', 'fantastic', 'and', 'welcome', 'addition', 'to', 'our', 'public', 'transport', 'system', 'and', 'our', 'local', 'economy']","[ 'west ' , 'belfast ' , 'partnerships ' , 'housing ' , 'environment ' , 'planning ' , 'committee ' , 'at ' , ' a ' , 'recent ' , 'site ' , 'visit ' , 'to ' , 'see ' , 'the ' , 'progress ' , 'of ' , 'the ' , 'new ' , 'belfast ' , 'grand ' , 'central ' , 'station ' , 'this ' , 'is ' , ' a ' , 'fantastic ' , 'and ' , 'welcome ' , 'addition ' , 'to ' , 'our ' , 'public ' , 'transport ' , 'system ' , 'and ' , 'our ' , 'local ' , 'economy ' ]"
"['millions', 'in', 'new', 'subsidies', 'for', 'builders', 'in', 'bid', 'to', 'cut', 'cost', 'of', 'construction', 'senior', 'officials', 'are', 'locked', 'in', 'confidential', 'talks', 'aimed', 'at', 'developing', 'measures', 'that', 'will', 'make', 'construction', 'especially', 'of', 'affordable', 'and', 'cost', 'rental', 'housing', 'more', 'attractive']","[ 'millions ' , 'in ' , 'new ' , 'subsidies ' , 'for ' , 'builders ' , 'in ' , 'bid ' , 'to ' , 'cut ' , 'cost ' , 'of ' , 'construction ' , 'senior ' , 'officials ' , 'are ' , 'locked ' , 'in ' , 'confidential ' , 'talks ' , 'aimed ' , 'at ' , 'developing ' , 'measures ' , 'that ' , 'will ' , 'make ' , 'construction ' , 'especially ' , 'of ' , 'affordable ' , 'and ' , 'cost ' , 'rental ' , 'housing ' , 'more ' , 'attractive ' ]"
"['housing', 'for', 'all', 'elsewhere', 'of', 'course', 'why', 'is', 'darragh', 'o', 'brien', 'referring', 'people', 'to', 'a', 'nimby', 'indy', 'councillor', 'in', 'balbriggan', 'hes', 'far', 'from', 'the', 'only', 'one', 'of', 'course']","[ 'housing ' , 'for ' , 'all ' , 'elsewhere ' , 'of ' , 'course ' , 'why ' , 'is ' , 'darragh ' , ' o ' , 'brien ' , 'referring ' , 'people ' , 'to ' , ' a ' , 'nimby ' , 'indy ' , 'councillor ' , 'in ' , 'balbriggan ' , 'hes ' , 'far ' , 'from ' , 'the ' , 'only ' , 'one ' , 'of ' , 'course ' ]"
"['recently', 'published', 'figures', 'show', 'that', 'the', 'social', 'housing', 'waiting', 'lists', 'have', 'fallen', 'by', 'over', '36', 'in', 'six', 'years', 'to', 'read', 'more', 'about', 'this', 'and', 'subscribe', 'to', 'the', 'housingforall', 'monthly', 'e', 'zine', 'click', 'here']","[ 'recently ' , 'published ' , 'figures ' , 'show ' , 'that ' , 'the ' , 'social ' , 'housing ' , 'waiting ' , 'lists ' , 'have ' , 'fallen ' , 'by ' , 'over ' , '36 ' , 'in ' , 'six ' , 'years ' , 'to ' , 'read ' , 'more ' , 'about ' , 'this ' , 'and ' , 'subscribe ' , 'to ' , 'the ' , 'housingforall ' , 'monthly ' , ' e ' , 'zine ' , 'click ' , 'here ' ]"
"['phelan', 'is', 'the', 'fourth', 'fine', 'gael', 'td', 'to', 'announce', 'their', 'retirement', 'since', 'the', 'last', 'general', 'election', 'alongside', 'donegals', 'joe', 'mchugh', 'and', 'kerry', 's', 'brendan', 'griffin', 'former', 'housing', 'minister', 'eoghan', 'murphy', 'retired', 'in', 'april', '2021']","[ 'phelan ' , 'is ' , 'the ' , 'fourth ' , 'fine ' , 'gael ' , 'td ' , 'to ' , 'announce ' , 'their ' , 'retirement ' , 'since ' , 'the ' , 'last ' , 'general ' , 'election ' , 'alongside ' , 'donegals ' , 'joe ' , 'mchugh ' , 'and ' , 'kerry ' , 's ' , 'brendan ' , 'griffin ' , 'former ' , 'housing ' , 'minister ' , 'eoghan ' , 'murphy ' , 'retired ' , 'in ' , 'april ' , '2021 ' ]"
"['not', 'one', 'modular', 'home', 'ready', 'for', 'ukrainian', 'refugees', 'as', 'government', 'way', 'off', 'target', 'of', '700']","[ 'not ' , 'one ' , 'modular ' , 'home ' , 'ready ' , 'for ' , 'ukrainian ' , 'refugees ' , 'as ' , 'government ' , 'way ' , 'off ' , 'target ' , 'of ' , '700 ' ]"
"['i', 'live', 'in', 'the', 'country', 'but', 'the', 'urban', 'boundary', 'is', 'been', 'pushed', 'out', 'to', 'us', 'bit', 'by', 'bit', 'very', 'evident', 'this', 'morning', 'on', 'a', '11', 'km', 'round', 'trip', 'to', 'the', 'local', 'dairygold', 'co', 'op', 'to', 'collect', 'plastic', 'with', '12', 'cranes', 'over', 'four', 'different', 'sites', 'pharm', 'health', 'care', 'housing', 'and', 'medical', 'devices']","[ ' i ' , 'live ' , 'in ' , 'the ' , 'country ' , 'but ' , 'the ' , 'urban ' , 'boundary ' , 'is ' , 'been ' , 'pushed ' , 'out ' , 'to ' , 'us ' , 'bit ' , 'by ' , 'bit ' , 'very ' , 'evident ' , 'this ' , 'morning ' , 'on ' , ' a ' , '11 ' , 'km ' , 'round ' , 'trip ' , 'to ' , 'the ' , 'local ' , 'dairygold ' , 'co ' , 'op ' , 'to ' , 'collect ' , 'plastic ' , 'with ' , '12 ' , 'cranes ' , 'over ' , 'four ' , 'different ' , 'sites ' , 'pharm ' , 'health ' , 'care ' , 'housing ' , 'and ' , 'medical ' , 'devices ' ]"
"['thanks', 'to', 'clarefm', 'for', 'having', 'the', 'f', 'ile', 'housing', 'ennis', 'team', 'on', 'to', 'talk', 'about', 'the', 'event', 'listen', 'back', 'here']","[ 'thanks ' , 'to ' , 'clarefm ' , 'for ' , 'having ' , 'the ' , ' f ' , 'ile ' , 'housing ' , 'ennis ' , 'team ' , 'on ' , 'to ' , 'talk ' , 'about ' , 'the ' , 'event ' , 'listen ' , 'back ' , 'here ' ]"
"['affordable', 'housing', 'expressions', 'of', 'interest', 'louth', 'county', 'council', 'is', 'seeking', 'expressions', 'of', 'interest', 'from', 'private', 'developers', 'and', 'building', 'contractors', 'who', 'can', 'deliver', 'completed', 'units', 'in', 'county', 'louth', 'by', 'the', '31st', 'october', '2023', 'please', 'follow', 'the', 'link', 'below']","[ 'affordable ' , 'housing ' , 'expressions ' , 'of ' , 'interest ' , 'louth ' , 'county ' , 'council ' , 'is ' , 'seeking ' , 'expressions ' , 'of ' , 'interest ' , 'from ' , 'private ' , 'developers ' , 'and ' , 'building ' , 'contractors ' , 'who ' , 'can ' , 'deliver ' , 'completed ' , 'units ' , 'in ' , 'county ' , 'louth ' , 'by ' , 'the ' , '31st ' , 'october ' , '2023 ' , 'please ' , 'follow ' , 'the ' , 'link ' , 'below ' ]"
"['you', 'can', 'now', 'access', 'the', 'cro', 'c', 'naithe', 'grant', 'with', 'louth', 'county', 'council', 'please', 'find', 'details', 'in', 'the', 'link', 'below']","[ 'you ' , 'can ' , 'now ' , 'access ' , 'the ' , 'cro ' , ' c ' , 'naithe ' , 'grant ' , 'with ' , 'louth ' , 'county ' , 'council ' , 'please ' , 'find ' , 'details ' , 'in ' , 'the ' , 'link ' , 'below ' ]"
"['west', 'cork', 'caravan', 'parks', 'are', 'reporting', 'a', 'big', 'rise', 'in', 'enquiries', 'about', 'long', 'term', 'lettings', 'with', 'people', 'also', 'using', 'them', 'as', 'short', 'term', 'solutions', 'while', 'they', 'look', 'for', 'housing', 'options', 'locally', 'more', 'in', 'this', 'weeks', 'southern', 'star', 'in', 'shops', 'or', 'online', 'via', 'our', 'epaper']","[ 'west ' , 'cork ' , 'caravan ' , 'parks ' , 'are ' , 'reporting ' , ' a ' , 'big ' , 'rise ' , 'in ' , 'enquiries ' , 'about ' , 'long ' , 'term ' , 'lettings ' , 'with ' , 'people ' , 'also ' , 'using ' , 'them ' , 'as ' , 'short ' , 'term ' , 'solutions ' , 'while ' , 'they ' , 'look ' , 'for ' , 'housing ' , 'options ' , 'locally ' , 'more ' , 'in ' , 'this ' , 'weeks ' , 'southern ' , 'star ' , 'in ' , 'shops ' , 'or ' , 'online ' , 'via ' , 'our ' , 'epaper ' ]"
"['ive', 'said', 'it', 'before', 'and', 'ill', 'say', 'it', 'again', 'robert', 'watt', 'is', 'the', 'most', 'useless', 'entitled', 'contemptuous', 'civil', 'servant', 'ive', 'ever', 'seen', 'or', 'heard', 'of', 'same', 'guy', 'had', 'a', 'spat', 'with', 'the', 'housing', 'minister', 'in', 'a', 'pub', 'has', 'had', 'multiple', 'run', 'ins', 'on', 'committees', 'and', 'regularly', 'refuses', 'to', 'do', 'his', 'actual', 'job']","[ 'ive ' , 'said ' , 'it ' , 'before ' , 'and ' , 'ill ' , 'say ' , 'it ' , 'again ' , 'robert ' , 'watt ' , 'is ' , 'the ' , 'most ' , 'useless ' , 'entitled ' , 'contemptuous ' , 'civil ' , 'servant ' , 'ive ' , 'ever ' , 'seen ' , 'or ' , 'heard ' , 'of ' , 'same ' , 'guy ' , 'had ' , ' a ' , 'spat ' , 'with ' , 'the ' , 'housing ' , 'minister ' , 'in ' , ' a ' , 'pub ' , 'has ' , 'had ' , 'multiple ' , 'run ' , 'ins ' , 'on ' , 'committees ' , 'and ' , 'regularly ' , 'refuses ' , 'to ' , 'do ' , 'his ' , 'actual ' , 'job ' ]"
"['not', 'one', 'modular', 'home', 'ready', 'for', 'ukrainian', 'refugees', 'as', 'government', 'way', 'off', 'target', 'of', '700']","[ 'not ' , 'one ' , 'modular ' , 'home ' , 'ready ' , 'for ' , 'ukrainian ' , 'refugees ' , 'as ' , 'government ' , 'way ' , 'off ' , 'target ' , 'of ' , '700 ' ]"
